https://accounts.google.com/ServiceLogin?passive=1209600&amp;continue=https://www.google.com/search/about-this-image?img%3DH4sIAAAAAAAA_-MS4Tj_51rruqvzv1YK_H16cH3n9e3PxAD6W642FgAAAA%253D%253D%26q%3Dhttps://www.discogs.com/release/1869986-Mike-Moore-Company-Livin-In-Action%26ctx%3Div%26hl%3Den-GB%26sa%3DX%26ved%3D0CA0Qg4ILahcKEwj4nqyogKmKAxUAAAAAHQAAAAAQBA&amp;followup=https://www.google.com/search/about-this-image?img%3DH4sIAAAAAAAA_-MS4Tj_51rruqvzv1YK_H16cH3n9e3PxAD6W642FgAAAA%253D%253D%26q%3Dhttps://www.discogs.com/release/1869986-Mike-Moore-Company-Livin-In-Action%26ctx%3Div%26hl%3Den-GB%26sa%3DX%26ved%3D0CA0Qg4ILahcKEwj4nqyogKmKAxUAAAAAHQAAAAAQBA&amp;hl=en-GB&amp;ec=GAZA3QQ
https://apis.google.com
https://csp.withgoogle.com/csp/proto/
https://encrypted-tbn0.gstatic.com/images?q\u003dtbn:ANd9GcQ3_16XevWhZnWAyol99OZvhllZZzucW_JujQ__yvBMt9b6a1HYC6TNGRQ\u0026s
https://encrypted-tbn0.gstatic.com/images?q\u003dtbn:ANd9GcQFLBDe28rK0nNMzSDvTaCDdrfv84PTrOIkgTkTCo8\u0026s
https://encrypted-tbn0.gstatic.com/images?q\u003dtbn:ANd9GcR4YMh6HjvGCLRJYYwxKJ7GSMB6NBvtERPjuVJRz7jsSqkGx7LIn9JozBg\u0026s
https://encrypted-tbn0.gstatic.com/images?q\u003dtbn:ANd9GcR4m5uAnXx8ElP6TilCloVcYfI9ZmI-ASMvgF6J_AEIBIry5kLptW9aRXs\u0026s
https://encrypted-tbn0.gstatic.com/images?q\u003dtbn:ANd9GcR8v4e-jAIhO4Pj-r7Y8CtmvNKlM-xJwKbx-WRr3b_Qtdq8LGAP
https://encrypted-tbn0.gstatic.com/images?q\u003dtbn:ANd9GcR_CpTzrvhm0nVU9utCkxXoecQ_QXoLX9qoEaw3zX92XRVUJuIL
https://encrypted-tbn0.gstatic.com/images?q\u003dtbn:ANd9GcRoHAgoevcoLwOwGhXByaLvGzGvWA8K_3ujbsnVyg5Hd4mfXKTAQ1jS17A\u0026s
https://encrypted-tbn0.gstatic.com/images?q\u003dtbn:ANd9GcSgAFcTdokckJ2iWCnO-T4t-AzbUL0F-VtXlJOWVm0\u0026s
https://encrypted-tbn0.gstatic.com/images?q\u003dtbn:ANd9GcSisbSjz3bD6CehKO_QPMn8LpLatm-9T4ucPb1GsAM\u0026s
https://encrypted-tbn0.gstatic.com/images?q\u003dtbn:ANd9GcT6XNwUq2PhB0sBZc02XllTs34WS-CcgyONTOjDzos\u0026s
https://encrypted-tbn0.gstatic.com/images?q\u003dtbn:ANd9GcTNhNjEfg1H_nmxzDo6OnhtTAJwqj-oegxd5Wwu1usSelUkOY-nOcA2kFk\u0026s
https://encrypted-tbn1.gstatic.com/favicon-tbn?q=tbn%3AANd9GcQOZ-RxHqCEde7nOVgxJhvaVR4yb9eSGgRLqjz8A-s3ng55HMlRZTIuuGZQ08eobLK6FAmPGEPzH3YHDjYYcCgtydnOAMs5T621PTCRbw3y01OfnQ
https://encrypted-tbn1.gstatic.com/favicon-tbn?q\u003dtbn%3AANd9GcQOZ-RxHqCEde7nOVgxJhvaVR4yb9eSGgRLqjz8A-s3ng55HMlRZTIuuGZQ08eobLK6FAmPGEPzH3YHDjYYcCgtydnOAMs5T621PTCRbw3y01OfnQ
https://encrypted-tbn1.gstatic.com/images?q\u003dtbn:ANd9GcRRMk_mE09NMzLwwHjSGUHE3MDWK4UzsmPSLUNENPAohRf73eQm
https://encrypted-tbn1.gstatic.com/images?q\u003dtbn:ANd9GcRYscQJA7TBtLAif4kBXeQ-Sd9gHXkWjH2JOQk3VxfmNQ3EI5cU
https://encrypted-tbn1.gstatic.com/images?q\u003dtbn:ANd9GcRdkAdYt9YxMfPb2E6v8bA3esfewEV8HAySHJh2jit78yqch6vR
https://encrypted-tbn2.gstatic.com/favicon-tbn?q=tbn%3AANd9GcSGOpH-dLVGYUzGi_SCqhRu0-Z-nrPwkqS-2Nz2n_V2wy00GADD6SkWQ7yt_QunpDA3L24gfnwsZxGCCeldVUftL5ieEa4I4Bi8uOtk11WURjiaW7OGifZH
https://encrypted-tbn2.gstatic.com/favicon-tbn?q\u003dtbn%3AANd9GcSGOpH-dLVGYUzGi_SCqhRu0-Z-nrPwkqS-2Nz2n_V2wy00GADD6SkWQ7yt_QunpDA3L24gfnwsZxGCCeldVUftL5ieEa4I4Bi8uOtk11WURjiaW7OGifZH
https://encrypted-tbn2.gstatic.com/images?q\u003dtbn:ANd9GcQ6AkUeOxE9e0cIo18-MM3I7C4-X852SPyPIl9KKwXy6LXXlk_m
https://encrypted-tbn2.gstatic.com/images?q\u003dtbn:ANd9GcQhL_PhSBHwPN_OmKSCEMn9OjCmRRcEyviPMWwYBUsBgWojF3eJ
https://encrypted-tbn2.gstatic.com/images?q\u003dtbn:ANd9GcSGW4-M-iNKS5KVvLcTyDfEUUMUCAZs0V88QR1ZvV7nW6vL4i3h
https://encrypted-tbn2.gstatic.com/images?q\u003dtbn:ANd9GcTAQY5jBwzqautQO1s6R11b6qy5tA0A4a6stJhrUQjC8kFt031i
https://fonts.gstatic.com/s/googlematerialicons/v143/Gw6kwdfw6UnXLJCcmafZyFRXb3BL9rvi0QZG3Sy7X00.woff2)format(
https://fonts.gstatic.com/s/googlesans/v58/4UasrENHsxJlGDuGo1OIlJfC6l_24rlCK1Yo_Iqcsih3SAyH6cAwhX9RPhEUvbQoi-Entw.woff2)format(
https://fonts.gstatic.com/s/googlesans/v58/4UasrENHsxJlGDuGo1OIlJfC6l_24rlCK1Yo_Iqcsih3SAyH6cAwhX9RPi0UvbQoi-Entw.woff2)format(
https://fonts.gstatic.com/s/googlesans/v58/4UasrENHsxJlGDuGo1OIlJfC6l_24rlCK1Yo_Iqcsih3SAyH6cAwhX9RPi4UvbQoi-Entw.woff2)format(
https://fonts.gstatic.com/s/googlesans/v58/4UasrENHsxJlGDuGo1OIlJfC6l_24rlCK1Yo_Iqcsih3SAyH6cAwhX9RPi8UvbQoi-Entw.woff2)format(
https://fonts.gstatic.com/s/googlesans/v58/4UasrENHsxJlGDuGo1OIlJfC6l_24rlCK1Yo_Iqcsih3SAyH6cAwhX9RPiAUvbQoi-Entw.woff2)format(
https://fonts.gstatic.com/s/googlesans/v58/4UasrENHsxJlGDuGo1OIlJfC6l_24rlCK1Yo_Iqcsih3SAyH6cAwhX9RPiIUvbQoi-Entw.woff2)format(
https://fonts.gstatic.com/s/googlesans/v58/4UasrENHsxJlGDuGo1OIlJfC6l_24rlCK1Yo_Iqcsih3SAyH6cAwhX9RPiMUvbQoi-Entw.woff2)format(
https://fonts.gstatic.com/s/googlesans/v58/4UasrENHsxJlGDuGo1OIlJfC6l_24rlCK1Yo_Iqcsih3SAyH6cAwhX9RPiQUvbQoi-Entw.woff2)format(
https://fonts.gstatic.com/s/googlesans/v58/4UasrENHsxJlGDuGo1OIlJfC6l_24rlCK1Yo_Iqcsih3SAyH6cAwhX9RPiYUvbQoi-Entw.woff2)format(
https://fonts.gstatic.com/s/googlesans/v58/4UasrENHsxJlGDuGo1OIlJfC6l_24rlCK1Yo_Iqcsih3SAyH6cAwhX9RPikUvbQoi-Entw.woff2)format(
https://fonts.gstatic.com/s/googlesans/v58/4UasrENHsxJlGDuGo1OIlJfC6l_24rlCK1Yo_Iqcsih3SAyH6cAwhX9RPisUvbQoi-Entw.woff2)format(
https://fonts.gstatic.com/s/googlesans/v58/4UasrENHsxJlGDuGo1OIlJfC6l_24rlCK1Yo_Iqcsih3SAyH6cAwhX9RPj0UvbQoi-Entw.woff2)format(
https://fonts.gstatic.com/s/googlesans/v58/4UasrENHsxJlGDuGo1OIlJfC6l_24rlCK1Yo_Iqcsih3SAyH6cAwhX9RPj8UvbQoi-Entw.woff2)format(
https://fonts.gstatic.com/s/googlesans/v58/4UasrENHsxJlGDuGo1OIlJfC6l_24rlCK1Yo_Iqcsih3SAyH6cAwhX9RPjAUvbQoi-Entw.woff2)format(
https://fonts.gstatic.com/s/googlesans/v58/4UasrENHsxJlGDuGo1OIlJfC6l_24rlCK1Yo_Iqcsih3SAyH6cAwhX9RPjEUvbQoi-Entw.woff2)format(
https://fonts.gstatic.com/s/googlesans/v58/4UasrENHsxJlGDuGo1OIlJfC6l_24rlCK1Yo_Iqcsih3SAyH6cAwhX9RPjIUvbQoi-E.woff2)format(
https://fonts.gstatic.com/s/googlesans/v58/4UasrENHsxJlGDuGo1OIlJfC6l_24rlCK1Yo_Iqcsih3SAyH6cAwhX9RPjMUvbQoi-Entw.woff2)format(
https://fonts.gstatic.com/s/googlesans/v58/4UasrENHsxJlGDuGo1OIlJfC6l_24rlCK1Yo_Iqcsih3SAyH6cAwhX9RPjYUvbQoi-Entw.woff2)format(
https://fonts.gstatic.com/s/googlesans/v58/4UasrENHsxJlGDuGo1OIlJfC6l_24rlCK1Yo_Iqcsih3SAyH6cAwhX9RPjkUvbQoi-Entw.woff2)format(
https://fonts.gstatic.com/s/googlesans/v58/4UasrENHsxJlGDuGo1OIlJfC6l_24rlCK1Yo_Iqcsih3SAyH6cAwhX9RPjsUvbQoi-Entw.woff2)format(
https://fonts.gstatic.com/s/googlesans/v58/4UasrENHsxJlGDuGo1OIlJfC6l_24rlCK1Yo_Iqcsih3SAyH6cAwhX9RPjwUvbQoi-Entw.woff2)format(
https://fonts.gstatic.com/s/productsans/v9/pxiDypQkot1TnFhsFMOfGShVF9eOYktMqg.woff2)format(
https://fonts.gstatic.com/s/productsans/v9/pxiDypQkot1TnFhsFMOfGShVGdeOYktMqlap.woff2)format(
https://fonts.gstatic.com/s/roboto/v18/KFOlCnqEu92Fr1MmEU9fABc4AMP6lbBP.woff2)format(
https://fonts.gstatic.com/s/roboto/v18/KFOlCnqEu92Fr1MmEU9fBBc4AMP6lQ.woff2)format(
https://fonts.gstatic.com/s/roboto/v18/KFOlCnqEu92Fr1MmEU9fBxc4AMP6lbBP.woff2)format(
https://fonts.gstatic.com/s/roboto/v18/KFOlCnqEu92Fr1MmEU9fCBc4AMP6lbBP.woff2)format(
https://fonts.gstatic.com/s/roboto/v18/KFOlCnqEu92Fr1MmEU9fCRc4AMP6lbBP.woff2)format(
https://fonts.gstatic.com/s/roboto/v18/KFOlCnqEu92Fr1MmEU9fChc4AMP6lbBP.woff2)format(
https://fonts.gstatic.com/s/roboto/v18/KFOlCnqEu92Fr1MmEU9fCxc4AMP6lbBP.woff2)format(
https://fonts.gstatic.com/s/roboto/v18/KFOlCnqEu92Fr1MmWUlfABc4AMP6lbBP.woff2)format(
https://fonts.gstatic.com/s/roboto/v18/KFOlCnqEu92Fr1MmWUlfBBc4AMP6lQ.woff2)format(
https://fonts.gstatic.com/s/roboto/v18/KFOlCnqEu92Fr1MmWUlfBxc4AMP6lbBP.woff2)format(
https://fonts.gstatic.com/s/roboto/v18/KFOlCnqEu92Fr1MmWUlfCBc4AMP6lbBP.woff2)format(
https://fonts.gstatic.com/s/roboto/v18/KFOlCnqEu92Fr1MmWUlfCRc4AMP6lbBP.woff2)format(
https://fonts.gstatic.com/s/roboto/v18/KFOlCnqEu92Fr1MmWUlfChc4AMP6lbBP.woff2)format(
https://fonts.gstatic.com/s/roboto/v18/KFOlCnqEu92Fr1MmWUlfCxc4AMP6lbBP.woff2)format(
https://fonts.gstatic.com/s/roboto/v18/KFOmCnqEu92Fr1Mu4WxKKTU1Kvnz.woff2)format(
https://fonts.gstatic.com/s/roboto/v18/KFOmCnqEu92Fr1Mu4mxKKTU1Kg.woff2)format(
https://fonts.gstatic.com/s/roboto/v18/KFOmCnqEu92Fr1Mu5mxKKTU1Kvnz.woff2)format(
https://fonts.gstatic.com/s/roboto/v18/KFOmCnqEu92Fr1Mu72xKKTU1Kvnz.woff2)format(
https://fonts.gstatic.com/s/roboto/v18/KFOmCnqEu92Fr1Mu7GxKKTU1Kvnz.woff2)format(
https://fonts.gstatic.com/s/roboto/v18/KFOmCnqEu92Fr1Mu7WxKKTU1Kvnz.woff2)format(
https://fonts.gstatic.com/s/roboto/v18/KFOmCnqEu92Fr1Mu7mxKKTU1Kvnz.woff2)format(
https://myactivity.google.com/myactivity?hl=en-GB
https://ogads-pa.googleapis.com
https://ogs.google.com/widget/app/so?eom=1\u0026awwd=1
https://ogs.google.com/widget/callout?eom=1\u0026dc=1
https://open.spotify.com
https://open.spotify.com/intl-es/album/1l3uyCjIvtFxlbJYMgOYJX
https://open.spotify.com/intl-es/album/1l3uyCjIvtFxlbJYMgOYJX&amp;tbm=ilp&amp;sa=X&amp;ved=2ahUKEwjfrc24gKmKAxWyMXkGHYtnEXUQzY0LegQIARB4
https://open.spotify.com/intl-es/album/1l3uyCjIvtFxlbJYMgOYJX\u0026tbm\u003dilp
https://open.spotify.com/intl-es/track/1H0PxSHd30unymLNx5zg5k
https://open.spotify.com/intl-es/track/1H0PxSHd30unymLNx5zg5k&amp;tbm=ilp&amp;sa=X&amp;ved=2ahUKEwjfrc24gKmKAxWyMXkGHYtnEXUQzY0LegQIARB_
https://open.spotify.com/intl-es/track/1H0PxSHd30unymLNx5zg5k\u0026tbm\u003dilp
https://open.spotify.com/track/1H0PxSHd30unymLNx5zg5k
https://open.spotify.com/track/1H0PxSHd30unymLNx5zg5k&amp;tbm=ilp&amp;sa=X&amp;ved=2ahUKEwjfrc24gKmKAxWyMXkGHYtnEXUQzY0LegQIARBc
https://open.spotify.com/track/1H0PxSHd30unymLNx5zg5k\u0026tbm\u003dilp
https://open.spotify.com/track/3YD14poDbvvP4k4n2JP1ig
https://open.spotify.com/track/3YD14poDbvvP4k4n2JP1ig&amp;tbm=ilp&amp;sa=X&amp;ved=2ahUKEwjfrc24gKmKAxWyMXkGHYtnEXUQzY0LegQIARAd
https://open.spotify.com/track/3YD14poDbvvP4k4n2JP1ig\u0026tbm\u003dilp
https://policies.google.com/privacy?hl=en-GB
https://policies.google.com/terms?hl=en-GB
https://productionmusic.fandom.com
https://productionmusic.fandom.com/wiki/STEREO_168_-_Livin%2527_In_Action&amp;tbm=ilp&amp;sa=X&amp;ved=2ahUKEwjfrc24gKmKAxWyMXkGHYtnEXUQzY0LegQIARAW
https://productionmusic.fandom.com/wiki/STEREO_168_-_Livin%2527_In_Action\u0026tbm\u003dilp
https://productionmusic.fandom.com/wiki/STEREO_168_-_Livin%27_In_Action
https://ssl.gstatic.com/gb/images/bar/al-icon.png
https://translate.google.com/translate?hl=en&amp;sl=de&amp;client=sdn&amp;u=https%3A%2F%2Fwww.alamy.de%2Fvinylcover-livin-blues-hells-session-nl-1969-c-image459291196.html
https://translate.google.com/translate?hl=en&amp;sl=fr&amp;client=sdn&amp;u=https%3A%2F%2Fwww.amazon.fr%2FCD-Vinyles-Mike-Moore-Company%2Fs%3Frh%3Dn%3A301062%2Cp_32%3AMike%2BMoore%2BCompany
https://translate.google.com/translate?hl=en&amp;sl=fr&amp;client=sdn&amp;u=https%3A%2F%2Fwww.leboncoin.fr%2Fad%2Fcd_musique%2F2733035069
https://translate.google.com/translate?hl\u003den\u0026sl\u003dde\u0026client\u003dsdn\u0026u\u003dhttps%3A%2F%2Fwww.alamy.de%2Fvinylcover-livin-blues-hells-session-nl-1969-c-image459291196.html
https://translate.google.com/translate?hl\u003den\u0026sl\u003dfr\u0026client\u003dsdn\u0026u\u003dhttps%3A%2F%2Fwww.amazon.fr%2FCD-Vinyles-Mike-Moore-Company%2Fs%3Frh%3Dn%3A301062%2Cp_32%3AMike%2BMoore%2BCompany
https://translate.google.com/translate?hl\u003den\u0026sl\u003dfr\u0026client\u003dsdn\u0026u\u003dhttps%3A%2F%2Fwww.leboncoin.fr%2Fad%2Fcd_musique%2F2733035069
https://www.alamy.com
https://www.alamy.com/vintage-vinyl-record-cover-livin-blues-ram-jam-josey-d-1973-image459304545.html
https://www.alamy.com/vintage-vinyl-record-cover-livin-blues-ram-jam-josey-d-1973-image459304545.html&amp;tbm=ilp&amp;sa=X&amp;ved=2ahUKEwjfrc24gKmKAxWyMXkGHYtnEXUQzY0LegQIARAr
https://www.alamy.com/vintage-vinyl-record-cover-livin-blues-ram-jam-josey-d-1973-image459304545.html\u0026tbm\u003dilp
https://www.alamy.de
https://www.alamy.de/vinylcover-livin-blues-hells-session-nl-1969-c-image459291196.html
https://www.alamy.de/vinylcover-livin-blues-hells-session-nl-1969-c-image459291196.html&amp;tbm=ilp&amp;sa=X&amp;ved=2ahUKEwjfrc24gKmKAxWyMXkGHYtnEXUQzY0LegQIARBq
https://www.alamy.de/vinylcover-livin-blues-hells-session-nl-1969-c-image459291196.html\u0026tbm\u003dilp
https://www.amazon.com
https://www.amazon.com/music/player/artists/B001Q95A7C/wolfgang-muermann?isDramIntegrated%3Dtrue%26shoppingPortalEnabled%3Dtrue&amp;tbm=ilp&amp;sa=X&amp;ved=2ahUKEwjfrc24gKmKAxWyMXkGHYtnEXUQzY0LegQIARAk
https://www.amazon.com/music/player/artists/B001Q95A7C/wolfgang-muermann?isDramIntegrated%3Dtrue%26shoppingPortalEnabled%3Dtrue\u0026tbm\u003dilp
https://www.amazon.com/music/player/artists/B001Q95A7C/wolfgang-muermann?isDramIntegrated=true&amp;shoppingPortalEnabled=true
https://www.amazon.com/music/player/artists/B001Q95A7C/wolfgang-muermann?isDramIntegrated\u003dtrue\u0026shoppingPortalEnabled\u003dtrue
https://www.amazon.fr
https://www.amazon.fr/CD-Vinyles-Mike-Moore-Company/s?rh%3Dn%253A301062%252Cp_32%253AMike%2BMoore%2BCompany&amp;tbm=ilp&amp;sa=X&amp;ved=2ahUKEwjfrc24gKmKAxWyMXkGHYtnEXUQzY0LegQIARBA
https://www.amazon.fr/CD-Vinyles-Mike-Moore-Company/s?rh%3Dn%253A301062%252Cp_32%253AMike%2BMoore%2BCompany\u0026tbm\u003dilp
https://www.amazon.fr/CD-Vinyles-Mike-Moore-Company/s?rh=n%3A301062%2Cp_32%3AMike+Moore+Company
https://www.amazon.fr/CD-Vinyles-Mike-Moore-Company/s?rh\u003dn%3A301062%2Cp_32%3AMike+Moore+Company
https://www.cdandlp.com
https://www.cdandlp.com/en/mike-moore-company/artist/
https://www.cdandlp.com/en/mike-moore-company/artist/&amp;tbm=ilp&amp;sa=X&amp;ved=2ahUKEwjfrc24gKmKAxWyMXkGHYtnEXUQzY0LegQIARBH
https://www.cdandlp.com/en/mike-moore-company/artist/\u0026tbm\u003dilp
https://www.discogs.com
https://www.discogs.com/artist/799944-Mike-Moore-Company
https://www.discogs.com/artist/799944-Mike-Moore-Company&amp;tbm=ilp&amp;sa=X&amp;ved=2ahUKEwjfrc24gKmKAxWyMXkGHYtnEXUQzY0LegQIARAP
https://www.discogs.com/artist/799944-Mike-Moore-Company\u0026tbm\u003dilp
https://www.discogs.com/release/1869986-Mike-Moore-Company-Livin-In-Action
https://www.discogs.com/release/1869986-Mike-Moore-Company-Livin-In-Action&amp;tbm=ilp&amp;sa=X&amp;ved=2ahUKEwjfrc24gKmKAxWyMXkGHYtnEXUQ0P0LegUIARCEAQ
https://www.discogs.com/release/1869986-Mike-Moore-Company-Livin-In-Action&quot;,&quot;H4sIAAAAAAAA_-MS4Tj_51rruqvzv1YK_H16cH3n9e3PxAD6W642FgAAAA\u003d\u003d&quot;,[&quot;&quot;,&quot;&quot;,&quot;&quot;],&quot;https://www.google.com/search/about-this-image?img\u003dH4sIAAAAAAAA_-MS4Tj_51rruqvzv1YK_H16cH3n9e3PxAD6W642FgAAAA%3D%3D\u0026q\u003dhttps://www.discogs.com/release/1869986-Mike-Moore-Company-Livin-In-Action\u0026ctx\u003div\u0026hl\u003den-GB\u0026sa\u003dX\u0026ved\u003d0CA0Qg4ILahcKEwj4nqyogKmKAxUAAAAAHQAAAAAQBA&quot;,[
https://www.discogs.com/release/1869986-Mike-Moore-Company-Livin-In-Action&quot;],null,true,&quot;-1&quot;],null,[null,false,false,null,null,false,null,null,false],null,null,null,null,null,[&quot;us&quot;],[&quot;en&quot;,&quot;Latn&quot;],[false]],&quot;2&quot;:[]
https://www.discogs.com/release/1869986-Mike-Moore-Company-Livin-In-Action\u0026tbm\u003dilp
https://www.dizonord.fr
https://www.dizonord.fr/release/140041/Universal-Jones-Phoenix-Rising
https://www.dizonord.fr/release/140041/Universal-Jones-Phoenix-Rising&amp;tbm=ilp&amp;sa=X&amp;ved=2ahUKEwjfrc24gKmKAxWyMXkGHYtnEXUQzY0LegQIARBV
https://www.dizonord.fr/release/140041/Universal-Jones-Phoenix-Rising\u0026tbm\u003dilp
https://www.dizonord.fr/release/536856/Snatch-Another-Brick-In-The-Wall
https://www.dizonord.fr/release/536856/Snatch-Another-Brick-In-The-Wall&amp;tbm=ilp&amp;sa=X&amp;ved=2ahUKEwjfrc24gKmKAxWyMXkGHYtnEXUQzY0LegQIARBj
https://www.dizonord.fr/release/536856/Snatch-Another-Brick-In-The-Wall\u0026tbm\u003dilp
https://www.extrememusic.com
https://www.extrememusic.com/albums/10799
https://www.extrememusic.com/albums/10799&amp;tbm=ilp&amp;sa=X&amp;ved=2ahUKEwjfrc24gKmKAxWyMXkGHYtnEXUQzY0LegQIARAy
https://www.extrememusic.com/albums/10799\u0026tbm\u003dilp
https://www.google.com/
https://www.google.com/images/errors/robot.png)
https://www.google.com/intl/en-GB/about/products
https://www.google.com/search/about-this-image
https://www.google.com/search/about-this-image?img%3DH4sIAAAAAAAA_-MS4Tj_51rruqvzv1YK_H16cH3n9e3PxAD6W642FgAAAA%253D%253D%26q%3Dhttps://www.discogs.com/release/1869986-Mike-Moore-Company-Livin-In-Action%26ctx%3Div%26hl%3Den-GB%26sa%3DX%26ved%3D0CA0Qg4ILahcKEwj4nqyogKmKAxUAAAAAHQAAAAAQBA#appearance
https://www.google.com/search/about-this-image?img%3DH4sIAAAAAAAA_-MS4Tj_51rruqvzv1YK_H16cH3n9e3PxAD6W642FgAAAA%253D%253D%26q%3Dhttps://www.discogs.com/release/1869986-Mike-Moore-Company-Livin-In-Action%26ctx%3Div%26hl%3Den-GB%26sa%3DX%26ved%3D0CA0Qg4ILahcKEwj4nqyogKmKAxUAAAAAHQAAAAAQBA\u0026hl\u003den-GB
https://www.google.com/search/about-this-image?img%3DH4sIAAAAAAAA_-MS4Tj_51rruqvzv1YK_H16cH3n9e3PxAD6W642FgAAAA%253D%253D%26q%3Dhttps://www.discogs.com/release/1869986-Mike-Moore-Company-Livin-In-Action%26ctx%3Div%26hl%3Den-GB%26sa%3DX%26ved%3D0CA0Qg4ILahcKEwj4nqyogKmKAxUAAAAAHQAAAAAQBA\u0026safeui\u003dimages
https://www.google.com/search/about-this-image?img\u003dH4sIAAAAAAAA_-MS4Tj_51rruqvzv1YK_H16cH3n9e3PxAD6W642FgAAAA%3D%3D\u0026q\u003dhttps://www.discogs.com/release/1869986-Mike-Moore-Company-Livin-In-Action\u0026ctx\u003div\u0026hl\u003den-GB\u0026sa\u003dX\u0026ved\u003d0CA0Qg4ILahcKEwj4nqyogKmKAxUAAAAAHQAAAAAQBA
https://www.gstatic.com/_/boq-search/_/r/
https://www.gstatic.com/_/mss/boq-search/_/js/k=boq-search.DinerFrontendUi.en_GB.9aWckZ9R2Tc.es5.O/am=AAAAAACAAAAAAAAAAAAAAAAAAAAAAAAAAAAAAACRMAQbEAAABAABAgBQKBkMCCAACYEABADLoQ9BIQAAYOAAQOCRABwAIwAAAAQAEBQAAgAAAOAEgWAgAAAAAAAAAAAAAAAAqNiKAnEAAAAAAAAAAAAAAAAACGgS/d=1/excm=_b,_tp,atiview/ed=1/dg=0/wt=2/ujg=1/rs=AH7-fg4jI2PlCsHXUtO-F4BReERuVdievA/m=_b,_tp
https://www.gstatic.com/_/mss/boq-search/_/ss/k=boq-search.DinerFrontendUi.knilPQpC6xY.L.W1.O/am=AAAAAACAAAAAAAAAAAAAAAAAAAAAAAAAAAAAAACRMAQbEAAABAABAgBQKBkMCCAACYEABADLoQ9BIQAAYOAAQOCRABwAIwAAAAQAEBQAAgAAAOAEgWAgAAAAAAAAAAAAAAAAqNiKAnEAAAAAAAAAAAAAAAAACGgS/d=1/ed=1/rs=AH7-fg42BSZPdQRheFhrNecys3A0eBepiA/m=atiview,_b,_tp
https://www.gstatic.com/images/branding/googlelogo/svg/googlelogo_clr_74x24px.svg
https://www.gstatic.com/images/branding/googlelogo/svg/googlelogo_dark_clr_74x24px.svg
https://www.gstatic.com/images/branding/googlelogo/svg/googlelogo_light_clr_74x24px.svg
https://www.gstatic.com/images/icons/material/system/1x/broken_image_grey600_18dp.png
https://www.gstatic.com/images/icons/material/system/2x/broken_image_grey600_18dp.png
https://www.gstatic.com/og/_/js/k=og.qtm.en_US.kK1dM3um3so.2019.O/rt=j/m=q_dnp,q_pc,qmd,qcwid,qapid,qads,q_dg/exm=qaaw,qabr,qadd,qaid,qalo,qebr,qein,qhaw,qhawgm3,qhba,qhbr,qhbrgm3,qhch,qhchgm3,qhga,qhid,qhidgm3,qhin,qhlo,qhlogm3,qhmn,qhpc,qhsf,qhsfgm3,qhtt/d=1/ed=1/rs=AA2YrTvy5aateSbmVFHM0FBRaHBJsFE_CQ
https://www.gstatic.com/og/_/ss/k=og.qtm.zyyRgCCaN80.L.W.O/m=qmd,qcwid/excm=qaaw,qabr,qadd,qaid,qalo,qebr,qein,qhaw,qhawgm3,qhba,qhbr,qhbrgm3,qhch,qhchgm3,qhga,qhid,qhidgm3,qhin,qhlo,qhlogm3,qhmn,qhpc,qhsf,qhsfgm3,qhtt/d=1/ed=1/ct=zgms/rs=AA2YrTs4SLbgh5FvGZPW_Ny7TyTdXfy6xA
https://www.leboncoin.fr
https://www.leboncoin.fr/ad/cd_musique/2733035069
https://www.leboncoin.fr/ad/cd_musique/2733035069&amp;tbm=ilp&amp;sa=X&amp;ved=2ahUKEwjfrc24gKmKAxWyMXkGHYtnEXUQzY0LegQIARA5
https://www.leboncoin.fr/ad/cd_musique/2733035069\u0026tbm\u003dilp
https://www.youtube.com
https://www.youtube.com/watch?v%3DIAKyfDV35Pg&amp;tbm=ilp&amp;sa=X&amp;ved=2ahUKEwjfrc24gKmKAxWyMXkGHYtnEXUQzY0LegQIARBx
https://www.youtube.com/watch?v%3DIAKyfDV35Pg\u0026tbm\u003dilp
https://www.youtube.com/watch?v%3DktMMXWITgnA&amp;tbm=ilp&amp;sa=X&amp;ved=2ahUKEwjfrc24gKmKAxWyMXkGHYtnEXUQzY0LegQIARBO
https://www.youtube.com/watch?v%3DktMMXWITgnA\u0026tbm\u003dilp
https://www.youtube.com/watch?v=IAKyfDV35Pg
https://www.youtube.com/watch?v=ktMMXWITgnA
https://www.youtube.com/watch?v\u003dIAKyfDV35Pg
https://www.youtube.com/watch?v\u003dktMMXWITgnA
