title,description,thumbnailUrl,videoAddedToPlaylistAt,videoPublishedAt,playlistHostedChannelName,videoOwnerTitle,videoOwnerChannelId,videoId,videoUrl,videotags,categoryId,defaultAudioLanguage,viewCount,likeCount,favoriteCount,videoCommentCount,videoDuration
Sweater Weather,"Provided to YouTube by Columbia

Sweater Weather · The Neighbourhood

I Love You.

℗ 2013 Columbia Records, a Division of Sony Music Entertainment

Released on: 2013-04-19

Composer, Lyricist: Jesse James Rutherford
Producer: Justyn Pilbrow
Engineer: Chris Mullings
Composer: Zachary Abels
Mixing  Engineer: Craig Silvey
Composer: Jeremiah Freedman
Mastering  Engineer: Tony ""Jack the Bear"" Mantz

Auto-generated by YouTube.",https://i.ytimg.com/vi/NN4g8h7jL7U/default.jpg,2022-11-09T20:06:17Z,2015-08-12T00:22:18Z,Cara Gray,The Neighbourhood - Topic,UC1cnYMXqKdazz-gDPKaDFyg,NN4g8h7jL7U,https://www.youtube.com/watch?v=NN4g8h7jL7U,"The Neighbourhood,I Love You.,Sweater Weather",10,Not Present,5057487,38571,0,280,PT4M1S
Just the Two of Us (feat. Bill Withers),"Provided to YouTube by Rhino/Elektra

Just the Two of Us (feat. Bill Withers) · Grover Washington, Jr. · Bill Withers

Anthology

℗ 1980 Elektra Entertainment for the United States and WEA International Inc. for the world outside of the United States.

Conductor: Bill Eaton
Synthesizer: Bill Eaton
Unknown: Ed Heath
Guitar: Eric Gale
Producer: Grover Washington
Alto  Saxophone: Grover Washington
Soprano  Saxophone: Grover Washington
Tenor  Saxophone: Grover Washington
Vocals: Grover Washington
Lead  Vocals: Grover Washington Jr.
Backing  Vocals: Hilda Harris
Percussion, Producer: Ralph Macdonald
Engineer: Richard Alderson
Drums: Steve Gadd
Backing  Vocals: Ullanda McCullough
Masterer: Vladimir Meller
Backing  Vocals: Yvonne Lewis
Writer: Bill Withers
Writer: Ralph MacDonald
Writer: William Salter

Auto-generated by YouTube.",https://i.ytimg.com/vi/6POZlJAZsok/default.jpg,2022-11-09T20:06:42Z,2017-02-09T02:36:41Z,Cara Gray,"Grover Washington, Jr. - Topic",UCsN1HTruhFfXcSMGMsBmX_w,6POZlJAZsok,https://www.youtube.com/watch?v=6POZlJAZsok,"Grover Washington,Jr. Bill Withers Anthology Just the Two of Us (feat. Bill Withers)",10,Not Present,63536605,829456,0,27,PT7M19S
Summertime Sadness,"Provided to YouTube by Universal Music Group

Summertime Sadness · Lana Del Rey

Born To Die – Paradise Edition

℗ 2012 Lana Del Rey

Released on: 2012-01-01

Producer, Associated  Performer, Drums, Keyboards: Emile Haynie
Associated  Performer, Vocals: Lana Del Rey
Producer, Co- Producer, Associated  Performer, Strings: Rick Nowels
Associated  Performer, String  Arranger: Larry Gold
Associated  Performer, String  Arranger: Steve Tirpak
Associated  Performer, Flute: Dan Heath
Associated  Performer, Strings, Guitar, Keyboards: Patrick Warren
Associated  Performer, Synthesizer: Devrim Karaoglu
Studio  Personnel, Mixer: Dan Grech-Marguerat
Studio  Personnel, Assistant  Mixer: Duncan Fuller
Studio  Personnel, Mastering  Engineer: John Davis
Composer  Lyricist: Elizabeth Grant
Composer  Lyricist: Rick Nowels

Auto-generated by YouTube.",https://i.ytimg.com/vi/fRQg_9ulGuI/default.jpg,2022-11-09T20:07:14Z,2020-04-14T18:33:49Z,Cara Gray,Lana Del Rey - Topic,UCyqq-aiu3vEHuf5NhwmOJcw,fRQg_9ulGuI,https://www.youtube.com/watch?v=fRQg_9ulGuI,"Lana Del Rey,ラナデルレイ,ラナ・デル・レイ,Born To Die – Paradise Edition,Summertime Sadness,サマータイム・サッドネス",10,Not Present,80157317,881914,0,380,PT4M25S
Stolen Dance,"Provided to YouTube by Stoned In Paradise

Stolen Dance · Milky Chance · Clemens Rehbein · Clemens Rehbein · Milky Chance

Sadnecessary

℗ Stoned In Paradise

Released on: 2013-05-31

Auto-generated by YouTube.",https://i.ytimg.com/vi/JnYr3wlVF08/default.jpg,2022-11-09T20:07:57Z,2022-02-07T10:06:24Z,Cara Gray,Milky Chance - Topic,UCNXdVRjxdHoW3BHYn-czkFg,JnYr3wlVF08,https://www.youtube.com/watch?v=JnYr3wlVF08,"Milky Chance,Clemens Rehbein,Sadnecessary,Stolen Dance",10,Not Present,23131241,201966,0,13,PT5M14S
You've Got The Love,"Provided to YouTube by Universal Music Group

You've Got The Love · Florence + The Machine

Lungs

℗ 2009 Universal Island Records Ltd. A Universal Music Company.

Released on: 2011-01-01

Producer, Associated  Performer, Bass  Guitar: Charlie Hugall
Studio  Personnel, Asst.  Recording  Engineer: Al Riley
Studio  Personnel, Mixer: Cenzo Townshend
Studio  Personnel, Assistant  Mixer: Neil Comber
Associated  Performer, Drums: Christopher Lloyd Hayden
Associated  Performer, Harp: Tom Moth
Associated  Performer, Guitar: Rob Ackroyd
Associated  Performer, Piano: Isabella Summers
Associated  Performer, Vocals: Florence Welch
Composer  Lyricist: Anthony Stephens
Composer  Lyricist: Arnecia Michelle Harris
Composer  Lyricist: John Truelove

Auto-generated by YouTube.",https://i.ytimg.com/vi/B54JPZHDoXw/default.jpg,2022-11-09T20:28:31Z,2018-07-26T03:32:23Z,Cara Gray,Florence + the Machine - Topic,UCkmCGbrGa7yNrRl_NHrOaTw,B54JPZHDoXw,https://www.youtube.com/watch?v=B54JPZHDoXw,"Florence + The Machine,フローレンスアンドザマシーン,フローレンス・アンド・ザ・マシーン,Lungs,You've Got The Love",10,Not Present,3214068,34797,0,4,PT2M49S
Don’t Blame Me,"Provided to YouTube by Universal Music Group

Don’t Blame Me · Taylor Swift

reputation

℗ 2017 Big Machine Label Group, LLC

Released on: 2017-11-10

Producer: Max Martin
Producer: Shellback
Composer  Lyricist: Taylor Swift
Composer  Lyricist: Max Martin
Composer  Lyricist: Shellback

Auto-generated by YouTube.",https://i.ytimg.com/vi/kRJKB291Z1g/default.jpg,2022-11-09T20:28:52Z,2018-08-15T22:13:23Z,Cara Gray,Taylor Swift - Topic,UCPC0L1d253x-KuMNwa05TpA,kRJKB291Z1g,https://www.youtube.com/watch?v=kRJKB291Z1g,"Taylor Swift,テイラースウィフト,テイラー・スウィフト,reputation,Don’t Blame Me,ドントブレイムミー",10,Not Present,73807461,774435,0,1187,PT3M57S
Praise You,"Provided to YouTube by Skint Records

Praise You · Fatboy Slim

You've Come a Long Way Baby

℗ 1998 Skint Records Limited, a BMG Company

Released on: 1998-01-01

Performer, Producer: Norman Cook
Programmer: Gary Bradford
Composer: Norman Cook
Composer: Camille Yarborough

Auto-generated by YouTube.",https://i.ytimg.com/vi/LwTakkn8dfU/default.jpg,2022-11-09T20:29:20Z,2021-07-21T10:05:32Z,Cara Gray,Fatboy Slim - Topic,UCNekatqy_ys1SX8NfjpwixA,LwTakkn8dfU,https://www.youtube.com/watch?v=LwTakkn8dfU,"Fatboy Slim,You've Come a Long Way Baby,Praise You",10,Not Present,2267925,30205,0,25,PT5M25S
Wildest Dreams,"Provided to YouTube by Universal Music Group

Wildest Dreams · Taylor Swift

1989

℗ 2014 Big Machine Records, LLC.

Released on: 2014-01-01

Producer: Shellback
Producer: Max Martin
Associated  Performer, String  Arranger: Mattias Bylund
Composer  Lyricist: Taylor Swift
Composer  Lyricist: Max Martin
Composer  Lyricist: Shellback

Auto-generated by YouTube.",https://i.ytimg.com/vi/M6Qo43zkDeE/default.jpg,2022-11-09T20:29:36Z,2018-11-21T08:45:15Z,Cara Gray,Taylor Swift - Topic,UCPC0L1d253x-KuMNwa05TpA,M6Qo43zkDeE,https://www.youtube.com/watch?v=M6Qo43zkDeE,"Taylor Swift,テイラースウィフト,テイラー・スウィフト,1989,Wildest Dreams,ワイルデストドリームス,ワイルデスト・ドリームス",10,Not Present,34428532,262238,0,273,PT3M41S
Riptide,"Provided to YouTube by Atlantic Records

Riptide · Vance Joy

Dream Your Life Away

℗ 2013 Atlantic Recording Corporation

Cello: Edwin White
Drums, Percussion, Producer, Synthesizer: Edwin White
Bass  Guitar: Edwin White
Backing  Vocals: Edwin White
Guitar, ukulele: James Keogh
Producer: James Keogh
Unknown: John Castle
Audio  Recording  Engineer: John Castle
Producer: John Castle
Trombone: Kieran Conrau
Trumpet: Ross Irwin
Unknown: Stefan Max
Unknown: Steve Smart
Unknown: Tyson Fish
Lead  Vocals: Vance Joy
Writer: Vance Joy

Auto-generated by YouTube.",https://i.ytimg.com/vi/MsTWpbR_TVE/default.jpg,2022-11-09T20:29:56Z,2017-01-26T01:58:32Z,Cara Gray,Vance Joy - Topic,UCwNoBkSn4w8l4olCKDCTplQ,MsTWpbR_TVE,https://www.youtube.com/watch?v=MsTWpbR_TVE,"Vance Joy,Dream Your Life Away,Riptide",10,Not Present,271233724,2473719,0,6198,PT3M25S
Seventeen Going Under (Edit),"Provided to YouTube by Universal Music Group

Seventeen Going Under (Edit) · Sam Fender

Seventeen Going Under

℗ A Polydor Records recording; ℗ 2021 Sam Fender, under exclusive licence to Universal Music Operations Limited

Released on: 2021-07-07

Producer, Associated  Performer, Percussion, Programming: Thom Lewis
Associated  Performer, Vocals, Acoustic  Guitar, Guitar, Piano, Glockenspiel: Sam Fender
Associated  Performer, Drums: Drew Michael
Associated  Performer, Bass: Tom Ungerer
Associated  Performer, Guitar, Studio  Personnel, Engineer: Dean Thompson
Associated  Performer, Saxophone: Johnny Davis
Associated  Performer, Synthesizer: Joe Atkinson
Studio  Personnel, Engineer: Mark Broughton
Studio  Personnel, Asst.  Recording  Engineer: Alex Borwick
Studio  Personnel, Mixer: Craig Silvey
Studio  Personnel, Additional  Engineer: Dani Bennett Spragg
Studio  Personnel, Mastering  Engineer: Greg Calbi
Composer  Lyricist: Sam Fender

Auto-generated by YouTube.",https://i.ytimg.com/vi/MZIvg4GbJUs/default.jpg,2022-11-09T20:29:56Z,2021-07-07T17:10:00Z,Cara Gray,Sam Fender - Topic,UCrEdrkYcHH7ODFeZUNMInRg,MZIvg4GbJUs,https://www.youtube.com/watch?v=MZIvg4GbJUs,"Sam Fender,サムフェンダー,サム・フェンダー,Seventeen Going Under",10,Not Present,2162548,18391,0,5,PT3M58S
"jealousy, jealousy","Provided to YouTube by Universal Music Group

jealousy, jealousy · Olivia Rodrigo

SOUR

℗ 2021 Olivia Rodrigo, under exclusive license to Geffen Records

Released on: 2021-05-21

Producer, Studio  Personnel, Recording  Engineer, Associated  Performer, Piano, Guitar, Bass, Drum  Programming, Synthesizer, Background  Vocalist: Daniel Nigro
Producer, Additional  Producer, Associated  Performer, Drum  Programming, Synthesizer: Jam City
Studio  Personnel, Asst.  Recording  Engineer: Dan Viafore
Studio  Personnel, Mixer: Mitch McCarthy
Associated  Performer, Drums: Sterling Laws
Studio  Personnel, Additional  Engineer: Chris Kaysch
Studio  Personnel, Additional  Engineer: Jasmine Chen
Studio  Personnel, Mastering  Engineer: Randy Merrill
Composer  Lyricist: Olivia Rodrigo
Composer  Lyricist: Daniel Nigro
Composer  Lyricist: Casey Smith

Auto-generated by YouTube.",https://i.ytimg.com/vi/15RuCIbXE8A/default.jpg,2022-11-09T20:29:56Z,2021-05-20T10:02:58Z,Cara Gray,Olivia Rodrigo - Topic,UCE5XNpliPM-SmyFEp61tL_g,15RuCIbXE8A,https://www.youtube.com/watch?v=15RuCIbXE8A,"Olivia Rodrigo オリビアロドリゴ オリヴィア・ロドリゴ SOUR jealousy,jealousy ジェラシージェラシー",10,Not Present,65727815,719515,0,94,PT2M54S
Wherever I Go,"Provided to YouTube by Universal Music Group

Wherever I Go · OneRepublic

Oh My My

℗ 2016 Mosley Music/Interscope Records

Released on: 2016-10-07

Producer: Ryan Tedder
Producer: Brent Kutzle
Producer: Noel Zancanella
Composer  Lyricist: Ryan Tedder
Composer  Lyricist: Brent Kutzle
Composer  Lyricist: Noel Zancanella

Auto-generated by YouTube.",https://i.ytimg.com/vi/NzGbWMe7rec/default.jpg,2022-11-09T20:29:56Z,2018-12-12T08:41:03Z,Cara Gray,OneRepublic - Topic,UCrrbm1toLPud8fFIisPuxpg,NzGbWMe7rec,https://www.youtube.com/watch?v=NzGbWMe7rec,"OneRepublic,ワンリパブリツク,ワンリパブリック,Oh My My,Wherever I Go,ホエアエバー・アイ・ゴー",10,Not Present,9622848,100156,0,19,PT2M50S
Love Me Again,"Provided to YouTube by Universal Music Group

Love Me Again · John Newman

Tribute

℗ 2013 Universal Island Records, a division of Universal Music Operations Limited

Released on: 2013-01-01

Producer, Associated  Performer, Keyboards, Programming: Steve Booker
Producer, Associated  Performer, Vocals, Keyboards, Guitar: John Newman
Producer: Mike Spencer
Studio  Personnel, Recording  Engineer: Smit
Associated  Performer, Background  Vocalist: Ella Eyre
Associated  Performer, Keyboards, Programming, Studio  Personnel, Mixer: Mike Spencer
Associated  Performer, Keyboards: Rob Smith
Associated  Performer, Programming: Antonio Rizzello
Associated  Performer, Bass  Guitar: Derrick McIntyre
Associated  Performer, Drums: Derrick McKenzie
Associated  Performer, Bari  Sax: James Hunt
Associated  Performer, Tenor  Saxophone: Simon Willescroft
Associated  Performer, Trumpet: Daniel Carpenter
Associated  Performer, Trombone: Nichol Thomson
Studio  Personnel, Assistant  Mixer: James David
Studio  Personnel, Mastering  Engineer: Tom Coyne
Composer  Lyricist: John Newman
Composer  Lyricist: Steve Booker

Auto-generated by YouTube.",https://i.ytimg.com/vi/EfqsJm6BKng/default.jpg,2022-11-09T20:29:56Z,2018-07-26T03:13:32Z,Cara Gray,John Newman - Topic,UCl1EhIbzUq6d1p2Bb1w22FA,EfqsJm6BKng,https://www.youtube.com/watch?v=EfqsJm6BKng,"John Newman,ジョンニューマン,Tribute,Love Me Again",10,Not Present,33841910,328820,0,439,PT4M
All of Me,"Provided to YouTube by G.O.O.D. Music/Columbia

All of Me · John Legend

Love In The Future (Expanded Edition)

℗ 2013 Getting Out Our Dreams and Columbia Records, a Division of Sony Music Entertainment

Released on: 2013-08-30

Composer, Lyricist: John Stephens
Composer, Lyricist: Toby Gad
Associated  Performer, Keyboards, Executive  Producer, Mixing  Engineer, Producer, Recording  Engineer: Dave Tozer
Associated  Performer, Keyboards: Mark Williams
Recording  Engineer: Jason Agel
Assistant  Engineer: Kenta Yonesaka
Assistant  Engineer: Dave Rowland
Assistant  Producer: Phil Joly
Mastering  Engineer: Dave Kutch
Executive  Producer: Kanye West
Co- Executive  Producer: Eddie Blackmon

Auto-generated by YouTube.",https://i.ytimg.com/vi/sQtnhwU2R9Y/default.jpg,2022-11-09T20:29:56Z,2018-08-23T15:21:08Z,Cara Gray,John Legend - Topic,UC7wYAi5loaBGEbOQz7VBF2w,sQtnhwU2R9Y,https://www.youtube.com/watch?v=sQtnhwU2R9Y,"John Legend,ジョンレジェンド,約翰傳奇,Love In The Future (Expanded Edition),All of Me",10,Not Present,279534710,2125875,0,4293,PT4M30S
Say You Won't Let Go,"Provided to YouTube by Columbia

Say You Won't Let Go · James Arthur

Say You Won't Let Go

℗ 2016 Sony Music Entertainment Germany GmbH

Released on: 2016-09-09

Mixing  Engineer, Producer: Alex Beitzke
Composer, Lyricist, Co- Producer: Steve Solomon
Producer: Bradley Spence
Composer, Lyricist: Neil Ormandy
Composer, Lyricist: Daniel O'Donoghue
Composer, Lyricist: Mark Sheehan
Engineer: Mattia Sartori
Composer, Lyricist: Andrew Frampton
Engineer: Tom Upex
Engineer: Jonny Solway
Composer, Lyricist: Stephen Kipner
Mastering  Engineer: Robin Schmidt

Auto-generated by YouTube.",https://i.ytimg.com/vi/TUnEJM6W-Fw/default.jpg,2022-11-09T20:29:56Z,2016-09-08T12:52:47Z,Cara Gray,James Arthur - Topic,UCNAbUat5xDtp6FeBphe2V_Q,TUnEJM6W-Fw,https://www.youtube.com/watch?v=TUnEJM6W-Fw,"James Arthur,ジェイムスアーサー,Say You Won't Let Go",10,Not Present,186920194,1457536,0,2393,PT3M32S
Fingers Crossed,"Provided to YouTube by TuneCore

Fingers Crossed · Lauren Spencer-Smith

Fingers Crossed

℗ 2022 Lauren Spencer-Smith

Released on: 2022-01-05

Auto-generated by YouTube.",https://i.ytimg.com/vi/juGMuIdOgL8/default.jpg,2022-11-09T20:29:56Z,2022-01-04T10:05:27Z,Cara Gray,Lauren Spencer-Smith - Topic,UCkQxzenK_1HwQyteoaZL_gw,juGMuIdOgL8,https://www.youtube.com/watch?v=juGMuIdOgL8,"Lauren Spencer-Smith,Fingers Crossed",10,Not Present,20975425,220841,0,30,PT2M56S
Only Love Can Hurt Like This,"Provided to YouTube by RCA Records Label

Only Love Can Hurt Like This · Paloma Faith

A Perfect Contradiction

℗ 2014 Sony Music Entertainment UK Limited

Released on: 2014-03-10

Composer, Lyricist: Diane Warren
Bass  Guitar: Bryan White
Producer: AC Burrell
Producer: Kyle Townsend
Engineer: Mario Luccy
Mixing  Engineer: Manny Marroquin
Assistant  Engineer: Chris Galland
Assistant  Engineer: Delbert Bowers
Mastering  Engineer: John Davis

Auto-generated by YouTube.",https://i.ytimg.com/vi/whBJ7h_tjdc/default.jpg,2022-11-09T20:29:56Z,2017-01-25T19:50:26Z,Cara Gray,Paloma Faith - Topic,UCKIydHm7U40M-ZHjHvOFJWw,whBJ7h_tjdc,https://www.youtube.com/watch?v=whBJ7h_tjdc,"Paloma Faith,帕洛瑪費絲,A Perfect Contradiction,Only Love Can Hurt Like This",10,Not Present,82220334,1002648,0,179,PT3M53S
Infinity,"Provided to YouTube by Atlantic Records

Infinity · Jaymes Young

Feel Something

℗ 2017 Please Rewind / Atlantic Recording Corporation

Unknown: Billboard
Drums, Guitar, Keyboards, Vocals: Jaymes Young
Unknown: Jaymes Young
Unknown: Jaymes Young
Unknown: Michelle Mancini
Writer: Billboard
Writer: Jaymes Young

Auto-generated by YouTube.",https://i.ytimg.com/vi/WMK3JXG3Fx0/default.jpg,2022-11-09T20:29:56Z,2017-06-22T11:23:44Z,Cara Gray,Jaymes Young - Topic,UCCK1-D6wWlRuQgaCdIAKsMA,WMK3JXG3Fx0,https://www.youtube.com/watch?v=WMK3JXG3Fx0,"Jaymes Young,Feel Something,Infinity",10,Not Present,131369584,1535854,0,344,PT3M58S
Set Fire to the Rain,"Provided to YouTube by Beggars Group Digital Ltd.

Set Fire to the Rain · Adele

21

℗ 2010 XL Recordings Ltd

Released on: 2011-01-24

Associated  Performer: Adele Adkins
Associated  Performer: Amy Stanford
Associated  Performer: Ash Soan
Engineer: Beatriz Artola
Associated  Performer: Eleanor Mathieson
Associated  Performer: Emma Owens
Associated  Performer: Fraser T. Smith
Producer: Fraser T. Smith
Associated  Performer: Hayley Pomfrett
Engineer: Isabel Seeliger-Morley
Associated  Performer: Jane Oliver
Associated  Performer: Jenny Sacha
Associated  Performer: Jo Allen
Associated  Performer: Kotono Sato
Associated  Performer: Lucy Shaw
Associated  Performer: Natalie Bonner
Associated  Performer: Rosie Danvers
Associated  Performer: Rustom Pomeroy
Associated  Performer: Stephanie Cavey
Associated  Performer: Steve Price
Mixing Engineer: Fraser T. Smith
Music  Publisher: Harry Fox Agency
Music  Publisher: BMG Rights Management
Music  Publisher: CMRRA
Music  Publisher: Chrysalis Music Publishing Ltd
Music  Publisher: Universal Music Publishing Ltd.
Composer  Lyricist: Adele Adkins
Composer  Lyricist: Fraser T. Smith
Arranger: Rosie Danvers

Auto-generated by YouTube.",https://i.ytimg.com/vi/a2giXO6eyuI/default.jpg,2022-11-09T20:29:56Z,2015-03-04T12:54:16Z,Cara Gray,Adele - Topic,UCRw0x9_EfawqmgDI2IgQLLg,a2giXO6eyuI,https://www.youtube.com/watch?v=a2giXO6eyuI,"Adele,21,Set Fire to the Rain",10,Not Present,72728848,616680,0,1774,PT4M3S
Hold On,"Provided to YouTube by Universal Music Group

Hold On · Chord Overstreet

Hold On

℗ 2016 Island Records, a division of UMG Recordings, Inc.

Released on: 2017-02-03

Producer, Studio  Personnel, Recording  Engineer, Mixer, Programmer: Ian Keaggy
Associated  Performer, Background  Vocalist: Chord Overstreet
Composer  Lyricist: Ian Keaggy
Composer  Lyricist: Chord Overstreet

Auto-generated by YouTube.",https://i.ytimg.com/vi/6XRZF7bvs9U/default.jpg,2022-11-09T20:29:56Z,2018-07-26T03:38:11Z,Cara Gray,Chord Overstreet - Topic,UCQn8h2MBvtbQUvdYBik5dPQ,6XRZF7bvs9U,https://www.youtube.com/watch?v=6XRZF7bvs9U,"Chord Overstreet,Hold On",10,Not Present,75883675,788595,0,387,PT3M19S
Hypersonic Missiles,"Provided to YouTube by Universal Music Group

Hypersonic Missiles · Sam Fender

Hypersonic Missiles

℗ A Polydor Records recording; ℗ 2019 Sam Fender, under exclusive licence to Universal Music Operations Limited

Released on: 2019-09-13

Associated  Performer, Vocals, Guitar, Background  Vocalist: Sam Fender
Producer, Studio  Personnel, Recording  Engineer, Associated  Performer, Programming: Thom Lewis
Associated  Performer, Guitar, Background  Vocalist, Studio  Personnel, Recording  Engineer: Dean Thompson
Associated  Performer, Bass  Guitar, Background  Vocalist: Tom Ungerer
Associated  Performer, Synth  Pads: Joseph Atkinson
Associated  Performer, Drums, Background  Vocalist: Drew Michael
Associated  Performer, Saxophone: John Waugh
Associated  Performer, Background  Vocalist: The Pale White
Associated  Performer, Vocals: Heidi Curtis
Associated  Performer, Background  Vocalist: A Festival A Parade
Associated  Performer, Background  Vocalist: Joe Atkinson
Studio  Personnel, Mixer: Rich Costey
Studio  Personnel, Assistant  Mixer: KT Pipal
Studio  Personnel, Mastering  Engineer: Robin Schmidt
Composer  Lyricist: Sam Fender

Auto-generated by YouTube.",https://i.ytimg.com/vi/DdtxeOKyljk/default.jpg,2022-11-09T20:29:56Z,2019-09-12T10:06:17Z,Cara Gray,Sam Fender - Topic,UCrEdrkYcHH7ODFeZUNMInRg,DdtxeOKyljk,https://www.youtube.com/watch?v=DdtxeOKyljk,"Sam Fender,サムフェンダー,サム・フェンダー,Hypersonic Missiles,ハイパーソニックミサイル",10,Not Present,2594937,18327,0,30,PT3M58S
Another Love,"Provided to YouTube by ITNO/Columbia

Another Love · Tom Odell

Songs from Another Love

℗ 2013 Sony Music Entertainment UK Limited

Released on: 2013-03-06

Background  Vocal, Bass, Bass  Guitar: Max Goff
Acoustic  Guitar, Background  Vocal, Electric  Guitar: Max Cliverd
Background  Vocal, Drums, Percussion: Daniel MacDougall
Mastering  Engineer: Tony Cousins
Producer: Dan Grech-Marguerat
Engineer: Duncan Fuller
Mixing  Engineer: Cenzo Townshend
Assistant  Engineer: Sean Julliard

Auto-generated by YouTube.",https://i.ytimg.com/vi/YRkWZO4iLYk/default.jpg,2022-11-09T20:29:56Z,2015-08-12T00:37:50Z,Cara Gray,Tom Odell - Topic,UCrP3Rfz32MT-OH9MZh_N9kA,YRkWZO4iLYk,https://www.youtube.com/watch?v=YRkWZO4iLYk,"Tom Odell,Songs from Another Love,Another Love",10,Not Present,78242513,1037073,0,115,PT4M11S
Praying,"Provided to YouTube by Sony Music Entertainment

Praying · Tom Grennan

Release the Brakes - EP

℗ 2018 Insanity Records Limited under exclusive license to Sony Music Entertainment UK Limited

Released on: 2017-03-10

Composer, Lyricist: Tre Jean Marie
Bass, Guitar, Keyboards, Organ: Danny Connors
Composer, Lyricist: Jacob Atwell
Drums, Keyboards, Percussion, Programmer, Composer, Lyricist, Mixing  Engineer, Producer: Charlie Hugall
Drums: Luke Hanson
Mastering  Engineer: John Davis

Auto-generated by YouTube.",https://i.ytimg.com/vi/IIAGkfpoTPU/default.jpg,2022-11-09T20:29:56Z,2017-03-09T10:25:18Z,Cara Gray,Tom Grennan - Topic,UCqlM8ftKlcvcvxFIHQEJKbQ,IIAGkfpoTPU,https://www.youtube.com/watch?v=IIAGkfpoTPU,"Tom Grennan,Release the Brakes - EP,Praying",10,Not Present,608575,6603,0,1,PT3M6S
idfc,"Provided to YouTube by Foundation Media

idfc · blackbear

dead

℗ 2015 beartrap

Released on: 2015-06-02

Main  Artist: blackbear
Composer: blackbear

Auto-generated by YouTube.",https://i.ytimg.com/vi/N7jY4XUxm1I/default.jpg,2022-11-09T20:29:56Z,2015-06-23T14:32:16Z,Cara Gray,blackbear - Topic,UCDiwafAY8YnWgHVInmrFsQQ,N7jY4XUxm1I,https://www.youtube.com/watch?v=N7jY4XUxm1I,"blackbear,dead,idfc",10,Not Present,37949327,676602,0,111,PT3M28S
abcdefu,"Provided to YouTube by Atlantic/Arthouse Records

abcdefu · GAYLE

abcdefu

℗ 2021 Atlantic Recording Corporation

Masterer: Daniel Rowland
Vocal  Production: Dave Pittenger
Vocals: GAYLE
Mixer: Pedro Calloni
Instrumentation, Mixer, Producer: Pete Nappi
Background  Vocals: Sara Davis
Writer: Dave Pittenger
Writer: GAYLE
Writer: Sara Davis

Auto-generated by YouTube.",https://i.ytimg.com/vi/xn0-IZZ6YO4/default.jpg,2022-11-09T20:29:56Z,2021-08-12T10:03:40Z,Cara Gray,GAYLE - Topic,UCr8wGrR4gKAP7XE821rEQ8A,xn0-IZZ6YO4,https://www.youtube.com/watch?v=xn0-IZZ6YO4,"GAYLE,abcdefu",10,Not Present,111342846,1381603,0,68,PT2M49S
Someone To You,"Provided to YouTube by Universal Music Group

Someone To You · BANNERS

Empires On Fire

℗ 2017 Island Records, a division of UMG Recordings, Inc.

Released on: 2017-11-03

Producer, Programmer, Associated  Performer, Background  Vocalist, Guitar, Bass  Guitar, Keyboards: Stephen Kozmeniuk
Studio  Personnel, Engineer: Matt Snell
Studio  Personnel, Mixer: Matty Green
Studio  Personnel, Mastering  Engineer: Kevin Reeves
Associated  Performer, Strings: Drew Jurecka
Composer  Lyricist: Michael Nelson
Composer  Lyricist: Sam Hollander
Composer  Lyricist: Grant Michaels

Auto-generated by YouTube.",https://i.ytimg.com/vi/YsZVZU-98TY/default.jpg,2022-11-09T20:29:56Z,2018-07-26T01:58:32Z,Cara Gray,BANNERS - Topic,UCt75F1_GLecO9UJFuCP27ug,YsZVZU-98TY,https://www.youtube.com/watch?v=YsZVZU-98TY,"BANNERS,Empires On Fire,Someone To You",10,Not Present,35720002,424570,0,489,PT3M40S
traitor,"Provided to YouTube by Universal Music Group

traitor · Olivia Rodrigo

SOUR

℗ 2021 Olivia Rodrigo, under exclusive license to Geffen Records

Released on: 2021-05-21

Producer, Studio  Personnel, Recording  Engineer, Associated  Performer, Electric  Guitar, Acoustic  Guitar, Drum  Programming, Piano, Background  Vocalist, Organ: Daniel Nigro
Studio  Personnel, Mixer: Mitch McCarthy
Associated  Performer, Bass  Guitar, Synthesizer, Drum  Programming: Ryan Linvill
Studio  Personnel, Mastering  Engineer: Randy Merrill
Composer  Lyricist: Olivia Rodrigo
Composer  Lyricist: Daniel Nigro

Auto-generated by YouTube.",https://i.ytimg.com/vi/4QLvEIXlF6Q/default.jpg,2022-11-09T20:29:56Z,2021-05-20T10:03:52Z,Cara Gray,Olivia Rodrigo - Topic,UCE5XNpliPM-SmyFEp61tL_g,4QLvEIXlF6Q,https://www.youtube.com/watch?v=4QLvEIXlF6Q,"Olivia Rodrigo,オリビアロドリゴ,オリヴィア・ロドリゴ,SOUR,traitor,トレイター",10,Not Present,114427020,1172716,0,79,PT3M50S
Afterglow,"Provided to YouTube by Universal Music Group

Afterglow · Wilkinson · Becky Hill

Lazers Not Included

℗ 2013 RAM Records Ltd., under exclusive licence to Virgin EMI Records, a division of Universal Music Operations Ltd

Released on: 2013-01-01

Producer, Associated  Performer, Programming, Keyboards: Mark Wilkinson
Producer, Additional  Producer, Associated  Performer, Piano: Brad Ellis
Associated  Performer, Vocals: Becky Hill
Associated  Performer, Background  Vocalist: Talay Riley
Studio  Personnel, Mastering  Engineer: Beau Thomas
Composer  Lyricist: Mark Wilkinson
Composer  Lyricist: Brad Ellis
Composer  Lyricist: Rebecca Claire Hill
Composer  Lyricist: Talay Riley

Auto-generated by YouTube.",https://i.ytimg.com/vi/gAjrbR7_iMY/default.jpg,2022-11-09T20:29:56Z,2018-12-12T08:32:53Z,Cara Gray,Wilkinson - Topic,UC1ahZ2kOtI79jmikwJMJ5-Q,gAjrbR7_iMY,https://www.youtube.com/watch?v=gAjrbR7_iMY,"Wilkinson,ＷＩＬＫＩＮＳＯＮ,WILKINSON,Becky Hill,ベッキーヒル,ベッキー・ヒル,Lazers Not Included,Afterglow,アフターグロウ",10,Not Present,9131462,53344,0,56,PT3M46S
Leave a Light On,"Provided to YouTube by Relentless Records

Leave a Light On · Tom Walker

What a Time To Be Alive

℗ 2017 Relentless Records under exclusive licence to Sony Music Entertainment UK Limited

Released on: 2019-03-01

Keyboards, Composer, Lyricist, Producer: Steve Mac
Guitar: Paul Gendler
Drums, Engineer: Chris Laws
Percussion, Engineer: Dann Pursey
Mixing  Engineer: Serban Ghenea
Engineer: John Hanes
Mastering  Engineer: Chris Gehringer

Auto-generated by YouTube.",https://i.ytimg.com/vi/EX20caoPdwU/default.jpg,2022-11-09T20:29:56Z,2019-02-28T10:38:40Z,Cara Gray,Tom Walker - Topic,UCOlopik2E2HUHaWlktS0QmA,EX20caoPdwU,https://www.youtube.com/watch?v=EX20caoPdwU,"Tom Walker,What a Time To Be Alive,Leave a Light On",10,Not Present,18878622,182142,0,32,PT3M6S
Bruises,"Provided to YouTube by Universal Music Group

Bruises · Lewis Capaldi

Bloom - EP

℗ A Vertigo Berlin recording; ℗ 2017 Lewis Capaldi, under exclusive license to Universal Music GmbH

Released on: 2017-10-20

Producer, Studio  Personnel, Mixer, Mastering  Engineer: James Earp
Composer  Lyricist: Lewis Capaldi
Composer  Lyricist: James Earp

Auto-generated by YouTube.",https://i.ytimg.com/vi/lJ0-i8u8XlM/default.jpg,2022-11-09T20:29:56Z,2018-11-03T07:21:39Z,Cara Gray,Lewis Capaldi - Topic,UCxrxwFTBU3DTJ9Y5TKeW7KA,lJ0-i8u8XlM,https://www.youtube.com/watch?v=lJ0-i8u8XlM,"Lewis Capaldi,ルイスキャパルディ,ルイス・キャパルディ,Bloom - EP,Bruises,ブルーゼズ",10,Not Present,33901467,265498,0,200,PT3M39S
happier,"Provided to YouTube by Universal Music Group

happier · Olivia Rodrigo

SOUR

℗ 2021 Olivia Rodrigo, under exclusive license to Geffen Records

Released on: 2021-05-21

Producer, Studio  Personnel, Recording  Engineer, Associated  Performer, Piano, Guitar, Bass, Drum  Programming, Synthesizer, Background  Vocalist: Daniel Nigro
Studio  Personnel, Asst.  Recording  Engineer: Dan Viafore
Studio  Personnel, Mixer: Mitch McCarthy
Associated  Performer, Violin, Viola: Paul Cartwright
Studio  Personnel, Mastering  Engineer: Randy Merrill
Programmer: Ryan Linvill
Associated  Performer, Background  Vocalist: Kathleen
Composer  Lyricist: Olivia Rodrigo

Auto-generated by YouTube.",https://i.ytimg.com/vi/GBFWUR8XttQ/default.jpg,2022-11-09T20:29:56Z,2021-05-20T10:02:11Z,Cara Gray,Olivia Rodrigo - Topic,UCE5XNpliPM-SmyFEp61tL_g,GBFWUR8XttQ,https://www.youtube.com/watch?v=GBFWUR8XttQ,"Olivia Rodrigo,オリビアロドリゴ,オリヴィア・ロドリゴ,SOUR,happier,ハピアー",10,Not Present,60893974,663182,0,42,PT2M56S
you broke me first,"Provided to YouTube by RCA Records Label

you broke me first · Tate McRae

you broke me first

℗ 2020 RCA Records, a division of Sony Music Entertainment

Released on: 2020-04-17

Composer, Lyricist, Producer, Recording  Engineer: Blake Harnage
Composer, Lyricist: Victoria Zaro
Mixing  Engineer: Jeff Juliano
Mastering  Engineer: Dave Kutch

Auto-generated by YouTube.",https://i.ytimg.com/vi/7ecu7DJwgYA/default.jpg,2022-11-09T20:29:56Z,2020-04-16T10:27:37Z,Cara Gray,Tate McRae - Topic,UCz86IA7ooUetFnUGa_YlsVw,7ecu7DJwgYA,https://www.youtube.com/watch?v=7ecu7DJwgYA,"Tate McRae,you broke me first",10,Not Present,120565170,972284,0,1260,PT2M50S
Ophelia,"Provided to YouTube by Universal Music Group

Ophelia · The Lumineers

Cleopatra

℗ 2016 The Lumineers, under exclusive licence to Decca, a division of Universal Music Operations Ltd

Released on: 2016-04-08

Producer, Associated  Performer, Percussion, Background  Vocalist: Simone Felice
Studio  Personnel, Recording  Engineer, Mixer: Ryan Hewitt
Studio  Personnel, Assistant  Mixer: Chad Cuttill
Studio  Personnel, Mastering  Engineer: Bob Ludwig
Associated  Performer, Guitar, Vocals, Percussion: Wesley Schultz
Associated  Performer, Vocals: Neyla Pekarek
Associated  Performer, Vocals, Drums, Piano, Percussion: Jeremiah Fraites
Associated  Performer, Bass  Guitar, Background  Vocalist: Byron Isaacs
Composer  Lyricist: Wesley Schultz
Composer  Lyricist: Jeremiah Fraites

Auto-generated by YouTube.",https://i.ytimg.com/vi/BG05dUhFeKM/default.jpg,2022-11-09T20:29:56Z,2018-07-26T19:25:52Z,Cara Gray,The Lumineers - Topic,UCMcghb8JhNIYntWea9QKFGA,BG05dUhFeKM,https://www.youtube.com/watch?v=BG05dUhFeKM,"The Lumineers,ザルミニアーズ,ザ・ルミニアーズ,Cleopatra,Ophelia",10,Not Present,11661231,147102,0,95,PT2M41S
Little Bit of Love,"Provided to YouTube by Insanity Records

Little Bit of Love · Tom Grennan

Little Bit of Love

℗ 2021 Insanity Records Limited under exclusive licence to Sony Music Entertainment UK Limited

Released on: 2021-01-08

Background  Vocal: Alex Charles
Background  Vocal, Composer, Lyricist, Vocal  Producer: Mike Needle
Background  Vocal, Composer, Lyricist, Producer, Programmer, Vocal  Producer: Daniel Bryer
Guitar, Piano, Producer, Programmer: Lostboy
Background  Vocal, Producer: Jamie Scott
Engineer: Martin Hannah
Engineer: Matt Cooke
Mixing  Engineer: Dan Grech
Mastering  Engineer: Chris Gehringer

Auto-generated by YouTube.",https://i.ytimg.com/vi/zWgyO58L4Ks/default.jpg,2022-11-09T20:29:56Z,2021-01-07T10:02:10Z,Cara Gray,Tom Grennan - Topic,UCqlM8ftKlcvcvxFIHQEJKbQ,zWgyO58L4Ks,https://www.youtube.com/watch?v=zWgyO58L4Ks,"Tom Grennan,Little Bit of Love",10,Not Present,13229123,92017,0,2,PT3M47S
ily (i love you baby),"Provided to YouTube by Universal Music Group

ily (i love you baby) · Surf Mesa · Emilee

ily (i love you baby)

℗ Astralwerks; ℗ 2019 Surf Mesa, under exclusive license to UMG Recordings, Inc.

Released on: 2019-11-26

Producer: Surf Mesa
Studio  Personnel, Mixer, Associated  Performer, Programming: Powell Aguirre
Associated  Performer, Vocalist: Emilee
A& R  Admin: Jenna Vitolo
A& R: Natalie Dodge
Studio  Personnel, Mastering  Engineer: Robert Vosgien
Composer  Lyricist: Bob Gaudio
Composer  Lyricist: Bob Crewe

Auto-generated by YouTube.",https://i.ytimg.com/vi/U5AfCwh1J9Y/default.jpg,2022-11-09T20:29:56Z,2020-02-25T02:42:35Z,Cara Gray,Surf Mesa - Topic,UCmCO8oJ0ou7hd0D2BiABgVA,U5AfCwh1J9Y,https://www.youtube.com/watch?v=U5AfCwh1J9Y,"Surf Mesa,サーフメサ,サーフ・メサ,Emilee,エミリー,ily (i love you baby),イリーアイラブユーベイビー,イリー（アイ・ラヴ・ユー・ベイビー）",10,Not Present,45948619,481310,0,466,PT2M57S
Something Better,"Provided to YouTube by Insanity Records

Something Better · Tom Grennan

Evering Road

℗ 2020 Insanity Records Limited under exclusive licence to Sony Music Entertainment UK Limited

Released on: 2021-03-12

Background  Vocal: Louise Bagan
Background  Vocal: Jesse Appiah
Composer, Lyricist: Peter Rycroft
All  Instruments, Producer: Lostboy
Guitar, Composer, Lyricist: Tom Mann
Tenor  Saxophone, Trumpet: Joe Rodwell
Alto  Saxophone, Trombone: Jon Spanyol
Mixing  Engineer: Erik Madrid
Mastering  Engineer: Chris Gehringer

Auto-generated by YouTube.",https://i.ytimg.com/vi/LP4vq_JMlKo/default.jpg,2022-11-09T20:29:56Z,2021-03-11T10:09:17Z,Cara Gray,Tom Grennan - Topic,UCqlM8ftKlcvcvxFIHQEJKbQ,LP4vq_JMlKo,https://www.youtube.com/watch?v=LP4vq_JMlKo,"Tom Grennan,Evering Road,Something Better",10,Not Present,96450,658,0,0,PT3M4S
It Hurts,"Provided to YouTube by Insanity Records

It Hurts · Tom Grennan

Evering Road

℗ 2021 Insanity Records Limited under exclusive licence to Sony Music Entertainment UK Limited

Released on: 2021-03-12

Drums, Percussion: Chris Vatalaro
Composer, Lyricist: Jim Eliot
Bass, Electric  Guitar: Sam Dixon
Keyboards, Piano, Performance  Arranger: Kieron Mcintosh
Keyboards, Drum  Programmer, Mixing  Engineer, Producer: Dan Grech-Marguerat
Violin: Ian Humphries
Violin: Alison Dods
Violin: Julia Singleton
Violin: Louisa Fuller
Violin: Everton Nelson
Violin: Richard George
Violin: Marianne Haynes
Violin: Rick Koster
Violin: Warren Zielinski
Viola: Bruce White
Viola: Claire Orsler
Viola: Rachel Robson
Viola: Reiad Chibah
Cello: Ian Burdge
Cello: Tony Woollard
Cello: Chris Worsey
Assistant  Engineer: Joel Davies
Assistant  Engineer: Charles Haydon-Hicks
Assistant  Engineer: Luke Burgoyne
Assistant  Engineer: Billy Foster
Mastering  Engineer: Chris Gehringer
Unknown: Amy Stewart

Auto-generated by YouTube.",https://i.ytimg.com/vi/aD1K67nlygw/default.jpg,2022-11-09T20:29:56Z,2021-03-11T10:09:17Z,Cara Gray,Tom Grennan - Topic,UCqlM8ftKlcvcvxFIHQEJKbQ,aD1K67nlygw,https://www.youtube.com/watch?v=aD1K67nlygw,"Tom Grennan,Evering Road,It Hurts",10,Not Present,155281,1078,0,0,PT3M49S
this is what falling in love feels like,"Provided to YouTube by Awal Digital Ltd

this is what falling in love feels like · JVKE

this is what falling in love feels like

℗ JVKE MUSIC LLC under exclusive license to AWAL Recordings America, Inc.

Released on: 2021-09-03

Producer: JVKE
Producer: ZVC
Composer  Lyricist: Jake Lawson
Composer  Lyricist: Zac Lawson

Auto-generated by YouTube.",https://i.ytimg.com/vi/JeE0kwPMvrM/default.jpg,2022-11-09T20:29:56Z,2021-09-02T10:01:53Z,Cara Gray,JVKE - Topic,UCM1rew0hxgW7e-TRfmrMung,JeE0kwPMvrM,https://www.youtube.com/watch?v=JeE0kwPMvrM,"JVKE,this is what falling in love feels like",10,Not Present,12992342,267171,0,16,PT2M1S
Notion,"Provided to YouTube by Elektra (NEK)

Notion · The Rare Occasions

Notion

℗ An Elektra Records release. Under exclusive license to Elektra Records LLC, ℗ 2021 The Rare Occasions LLC.

Auto-generated by YouTube.",https://i.ytimg.com/vi/3vEiqil5d3Q/default.jpg,2022-11-09T20:29:56Z,2021-12-01T19:50:27Z,Cara Gray,The Rare Occasions - Topic,UCgphzjoaBKOlRsstds5xl_w,3vEiqil5d3Q,https://www.youtube.com/watch?v=3vEiqil5d3Q,"The Rare Occasions,Notion",10,Not Present,68773917,1133763,0,686,PT3M16S
If Only,"Provided to YouTube by Insanity Records

If Only · Tom Grennan

Evering Road

℗ 2021 Insanity Records Limited under exclusive licence to Sony Music Entertainment UK Limited

Released on: 2021-03-12

Background  Vocal, Composer, Lyricist: Harley Sulé
Drums, Percussion: Chris Vatalaro
Composer, Lyricist: Fergus Brignall
Bass, Electric  Guitar: Sam Dixon
Keyboards, Piano, Performance  Arranger: Kieron Mcintosh
Acoustic  Guitar, Electric  Guitar: Danny Connors
Keyboards, Drum  Programmer, Mixing  Engineer, Producer: Dan Grech-Marguerat
Vocal: Jay Henry
Vocal: Shirley Lewis
Vocal: Dee Lewis
Trumpet: Ben Edwards
Baritone: Colin Smith
Trombone: Mike Kearsey
Tenor  Saxophone: Steve Hamilton
Assistant  Engineer: Joel Davies
Assistant  Engineer: Charles Haydon-Hicks
Assistant  Engineer: Luke Burgoyne
Assistant  Engineer: Billy Foster
Mastering  Engineer: Chris Gehringer
Unknown: Amy Stewart

Auto-generated by YouTube.",https://i.ytimg.com/vi/THPAj3_HtwY/default.jpg,2022-11-09T20:29:56Z,2021-03-11T10:09:17Z,Cara Gray,Tom Grennan - Topic,UCqlM8ftKlcvcvxFIHQEJKbQ,THPAj3_HtwY,https://www.youtube.com/watch?v=THPAj3_HtwY,"Tom Grennan,Evering Road,If Only",10,Not Present,469482,3703,0,0,PT3M31S
Viva La Vida,"Provided to YouTube by Rhino

Viva La Vida · Coldplay

Happy

℗ 2008 Parlophone Records Ltd, a Warner Music Group Company

Unknown: Bob Ludwig
Unknown: Andy Rugg
Unknown: Andy Wallace
Producer: Brian Eno
Sound  Effects ( Sfx): Brian Eno
Unknown: Brian Thorn
Unknown: Chris Allgood
Acoustic  Guitar: Chris Martin
Keyboards: Chris Martin
Piano: Chris Martin
Lead  Vocals: Chris Martin
Unknown: Daniel Green
Strings: Davide Rossi
Unknown: Emily Lazar
Programmer: Francois Chevallier
Bass  Guitar: Guy Berryman
Synthesizer: Guy Berryman
Backing  Vocals: Guy Berryman
Guitar: Jonny Buckland
Electric  Guitar: Jonny Buckland
Unknown: Markus Dravs
Producer: Markus Dravs
Unknown: Michael H. Brauer
Technician: Michael Trepagnier
Sitar: Mike Kezner
Technician: Olga Fitzroy
Producer: Rik Simpson
Unknown: Vanessa Parr
Drums: Will Champion
Percussion, Piano: Will Champion
Backing  Vocals: Will Champion
Assistant  Mixing  Engineer: William ""Will"" Hensley
Writer: Chris Martin
Writer: Guy Berryman
Writer: Jonny Buckland
Writer: Will Champion

Auto-generated by YouTube.",https://i.ytimg.com/vi/LizlMNOL_dQ/default.jpg,2022-11-09T20:29:56Z,2019-03-29T00:04:07Z,Cara Gray,Coldplay - Topic,UCIaFw5VBEK8qaW6nRpx_qnw,LizlMNOL_dQ,https://www.youtube.com/watch?v=LizlMNOL_dQ,"Coldplay,Happy,Viva La Vida",10,Not Present,80483,1267,0,2,PT4M3S
Paradise,"Provided to YouTube by Parlophone UK

Paradise · Coldplay

Mylo Xyloto

℗ 2011 Parlophone Records Ltd, a Warner Music Group Company

Unknown: Bob Ludwig
Assistant: Andrew Denny
Assistant: Andy Rugg
Keyboards: Brian Eno
Acoustic  Guitar: Chris Martin
Keyboards, Piano: Chris Martin
Lead  Vocals: Chris Martin
Assistant: Christian Green
Unknown: Daniel Green
Unknown: Daniel Green
Producer: Daniel Green
Programmer: Daniel Green
Assistant: David Emery
Strings: Davide Rossi
Assistant: Deepu Panjwani
Instrumentation: Fedde Le Grand
Backing  Vocals: GKPM
Bass  Guitar: Guy Berryman
Keyboards: Guy Berryman
Backing  Vocals: Guy Berryman
Assistant: Hidefumi Ohbuchi
Assistant: Ian Shea
Assistant: Ian Sylvester
Technician: Jon Hopkins
Guitar, Keyboards: Jonny Buckland
Electric  Guitar: Jonny Buckland
Backing  Vocals: Jonny Buckland
Drums: Luis Jardim
Unknown: Mark ""Spike"" Stent
Unknown: Markus Dravs
Producer: Markus Dravs
Programmer: Markus Dravs
Coach  Vocals: Mary Hammond
Assistant: Matt McGinn
Assistant: Matt Miller
Assistant: Matty Green
Unknown: Michael H. Brauer
Assistant: Noah Goldstein
Assistant: Nobuyuki Murakami
Unknown: Olga Fitzroy
Assistant: Pierre Eiras
Vocals: Rihanna
Unknown: Rik Simpson
Unknown: Rik Simpson
Unknown: Rik Simpson
Producer: Rik Simpson
Backing  Vocals: Rik Simpson
Unknown: Robin Baynton
Unknown: Robin Baynton
Programmer: Robin Baynton
Additional  Production: Robin M. Christopher
Cello: Rosie Danvers
Assistant: Ryan Gilligan
Assistant: Tim Crompton
Backing  Vocals: Tim Wheeler
Drums: Will Champion
Percussion: Will Champion
Backing  Vocals: Will Champion
Writer: Brian Eno
Writer: Chris Martin
Writer: Guy Berryman
Writer: Jonny Buckland
Writer: Will Champion

Auto-generated by YouTube.",https://i.ytimg.com/vi/Q0TEUMPIhk8/default.jpg,2022-11-09T20:29:56Z,2015-11-18T18:45:26Z,Cara Gray,Coldplay - Topic,UCIaFw5VBEK8qaW6nRpx_qnw,Q0TEUMPIhk8,https://www.youtube.com/watch?v=Q0TEUMPIhk8,"Coldplay,Mylo Xyloto,Paradise",10,Not Present,104227683,960578,0,1507,PT4M39S
Arcade,"Provided to YouTube by Universal Music Group

Arcade · Duncan Laurence

Arcade

℗ 2019 Spark Records B.V., under exclusive license to Universal Music, a division of Universal International Music B.V.

Released on: 2019-03-07

Producer, Studio  Personnel, Engineer, Associated  Performer, Drums, Piano, Bass  Guitar, Music  Production, Background  Vocalist: Wouter Hardy
Producer, Co- Producer, Associated  Performer, Guitar: Oscar Holleman
Studio  Personnel, Mixer: Cenzo Townshend
Studio  Personnel, Mastering  Engineer: Frank Arkwright
Associated  Performer, Vocals, Background  Vocalist: Duncan Laurence
Associated  Performer, Drums: Teun van Zoggel
Associated  Performer, Background  Vocalist: Sofia Ferri
Associated  Performer, Cello: Susanne Rosmolen
Associated  Performer, Violin: Yannick Hiwat
Composer  Lyricist: Duncan Laurence
Composer  Lyricist: Wouter Hardy
Composer  Lyricist: Joel Sjöö
Composer  Lyricist: Will Knox

Auto-generated by YouTube.",https://i.ytimg.com/vi/oFrvRiixXcA/default.jpg,2022-11-09T20:29:56Z,2019-03-06T10:18:08Z,Cara Gray,Duncan Laurence - Topic,UCBa6lSIB_gX6IuOQlrqRvkg,oFrvRiixXcA,https://www.youtube.com/watch?v=oFrvRiixXcA,"Duncan Laurence,Arcade",10,Not Present,124058953,1636615,0,5466,PT3M4S
Home,"Provided to YouTube by Ingrooves

Home · Edith Whiskers

Home

℗ 2020 Tinpot Records

Released on: 2020-10-16

Composer, Writer: Jade Castrinos
Composer, Writer: Alex Ebert

Auto-generated by YouTube.",https://i.ytimg.com/vi/sPV_t8YMW_k/default.jpg,2022-11-09T20:29:56Z,2020-10-15T10:08:24Z,Cara Gray,Edith Whiskers - Topic,UC1rutLZjmnPqrpx9dHH_BWg,sPV_t8YMW_k,https://www.youtube.com/watch?v=sPV_t8YMW_k,"Edith Whiskers,Home",10,Not Present,66327382,874987,0,1090,PT3M16S
Bored,"Provided to YouTube by Universal Music Group

Bored · Billie Eilish

Bored

℗ 2017 Darkroom/Interscope Records

Released on: 2017-03-30

Producer: Finneas O'Connell
Composer  Lyricist: Finneas O'Connell
Composer  Lyricist: Billie Eilish O'Connell
Composer  Lyricist: Aron Forbes
Composer  Lyricist: Tim Anderson

Auto-generated by YouTube.",https://i.ytimg.com/vi/WkXpvoyVz5E/default.jpg,2022-11-09T20:29:56Z,2018-07-23T15:22:39Z,Cara Gray,Billie Eilish - Topic,UCERrDZ8oN0U_n9MphMKERcg,WkXpvoyVz5E,https://www.youtube.com/watch?v=WkXpvoyVz5E,"Billie Eilish,ビリーアイリッシュ,ビリー・アイリッシュ,Bored",10,Not Present,44730417,532741,0,333,PT3M1S
Someone New,"Provided to YouTube by Universal Music Group

Someone New · Hozier

Hozier

℗ 2014 Rubyworks Limited, under assignment to Island Records, a division of Universal Music Operations Limited

Released on: 2014-07-20

Producer, Co- Producer, Associated  Performer, Vocals: Hozier
Producer, Co- Producer: Rob Kirwan
Associated  Performer, Drums: Rory Doyle
Associated  Performer, Bass  Guitar: Alex Ryan
Associated  Performer, Cello: Kate Ellis
Associated  Performer, Viola: Ken Rice
Studio  Personnel, Mixer: Andrew Scheps
Composer  Lyricist: Andrew Hozier-Byrne
Composer  Lyricist: Sallay Matu Garnett

Auto-generated by YouTube.",https://i.ytimg.com/vi/Sy6-NuS-zp4/default.jpg,2022-11-09T20:29:56Z,2018-07-26T02:26:09Z,Cara Gray,Hozier - Topic,UCA3Zs9A2IeetfGT3Omi9ivw,Sy6-NuS-zp4,https://www.youtube.com/watch?v=Sy6-NuS-zp4,"Hozier,ホージア,Someone New,サムワン・ニュー",10,Not Present,1752153,19965,0,6,PT3M43S
Take Me To Church,"Provided to YouTube by Universal Music Group

Take Me To Church · Hozier

Hozier

℗ 2014 Rubyworks Limited, under assignment to Island Records, a division of Universal Music Operations Limited

Released on: 2014-07-20

Producer, Co- Producer, Associated  Performer, Vocals: Hozier
Producer, Co- Producer: Rob Kirwan
Associated  Performer, Drums: FIACHRA KINDER
Studio  Personnel, Mixer: Rob Kirwan
Composer  Lyricist: Andrew Hozier-Byrne

Auto-generated by YouTube.",https://i.ytimg.com/vi/JKlYOUfviXM/default.jpg,2022-11-09T20:29:56Z,2018-07-26T02:50:43Z,Cara Gray,Hozier - Topic,UCA3Zs9A2IeetfGT3Omi9ivw,JKlYOUfviXM,https://www.youtube.com/watch?v=JKlYOUfviXM,"Hozier,ホージア,Take Me To Church,Ｔａｋｅ,Ｍｅ,Ｔｏ,Ｃｈｕｒｃｈ",10,Not Present,75067534,754952,0,189,PT4M2S
deja vu,"Provided to YouTube by Universal Music Group

deja vu · Olivia Rodrigo

SOUR

℗ 2021 Olivia Rodrigo, under exclusive license to Geffen Records

Released on: 2021-05-21

Producer, Studio  Personnel, Recording  Engineer, Associated  Performer, Acoustic  Guitar, Electric  Guitar, Bass, Drum  Programming, Background  Vocalist, Wurlitzer  Electric  Piano, Percussion: Daniel Nigro
Studio  Personnel, Asst.  Recording  Engineer: Dan Viafore
Studio  Personnel, Mixer: Mitch McCarthy
Studio  Personnel, Mastering  Engineer: Randy Merrill
Associated  Performer, Guitar, Organ: Jam City
Associated  Performer, Flute, Saxophone: Ryan Linvill
Associated  Performer, Drums: Sterling Laws
Studio  Personnel, Additional  Engineer: Chris Kaysch
Studio  Personnel, Additional  Engineer: Jasmine Chen
Composer  Lyricist: Daniel Nigro
Composer  Lyricist: Olivia Rodrigo
Composer  Lyricist: Taylor Swift
Composer  Lyricist: Jack Antonoff
Composer  Lyricist: Annie Clark

Auto-generated by YouTube.",https://i.ytimg.com/vi/pHw5jgsE_pY/default.jpg,2022-11-09T20:29:56Z,2021-05-20T10:03:17Z,Cara Gray,Olivia Rodrigo - Topic,UCE5XNpliPM-SmyFEp61tL_g,pHw5jgsE_pY,https://www.youtube.com/watch?v=pHw5jgsE_pY,"Olivia Rodrigo,オリビアロドリゴ,オリヴィア・ロドリゴ,SOUR,deja vu,デジャブ",10,Not Present,60710830,605754,0,59,PT3M36S
Paper Planes,"Provided to YouTube by Beggars Group Digital Ltd.

Paper Planes · M.I.A.

Kala

℗ 2007 XL Recordings Ltd

Released on: 2007-08-20

Producer: Dave Taylor
Producer: Maya Arulpragasam
Associated  Performer: Maya Arulpragasam
Producer: Wesley Pentz
Music  Publisher: CMRRA
Music  Publisher: Imagem Music
Music  Publisher: Universal Music Publishing Group
Music  Publisher: Universal Music Publishing Ltd.
Music  Publisher: Kobalt Music Publishing
Music  Publisher: Songs Music Publishing LLC
Composer  Lyricist: Joe Strummer
Composer  Lyricist: Maya Arulpragasam
Composer  Lyricist: Mick Jones
Composer  Lyricist: Nick Headon
Composer  Lyricist: Paul Simonon
Composer  Lyricist: Wesley Pentz

Auto-generated by YouTube.",https://i.ytimg.com/vi/W_K0hemcU5o/default.jpg,2022-11-09T20:29:56Z,2016-04-08T00:29:30Z,Cara Gray,M.I.A. - Topic,UCaPHikQGkyaAoH_zwrZmY1w,W_K0hemcU5o,https://www.youtube.com/watch?v=W_K0hemcU5o,"M.I.A.,Kala,Paper Planes",10,Not Present,57915142,716152,0,1506,PT3M26S
Brother,"Provided to YouTube by B-Unique/RCA

Brother · Kodaline

Politics of Living

℗ 2017 B-Unique Records (UK) Limited under exclusive licence to Sony Music Entertainment UK Limited

Released on: 2018-09-28

Programmer, Composer, Lyricist: Jon Maguire
Background  Vocal, Vocal: Steve Garrigan
Composer, Lyricist: Corey Sanders
Background  Vocal, Guitar, Piano, Strings, Composer, Lyricist: Mark Prendergast
Background  Vocal, Drums, Percussion: Vinny May
Strings, Composer, Lyricist: Alex Davies
Background  Vocal, Bass, Composer, Lyricist: Jason Boland
Composer, Lyricist: Stephen Garrigan
Composer, Lyricist: Vincent May, Jr.
Strings, Producer: Stephen Harris
Keyboards, Programmer: Ben Ash
Producer: Two Inch Punch
Mixing  Engineer: Mark Stent
Assistant  Engineer: Michael Freeman
Mastering  Engineer: Stuart Hawkes

Auto-generated by YouTube.",https://i.ytimg.com/vi/Mh8zwBK1obQ/default.jpg,2022-11-09T20:29:56Z,2018-09-11T17:27:06Z,Cara Gray,Kodaline - Topic,UC0cymQddFci7e31o7EIznYw,Mh8zwBK1obQ,https://www.youtube.com/watch?v=Mh8zwBK1obQ,"Kodaline,Politics of Living,Brother",10,Not Present,14256351,192944,0,121,PT3M24S
As It Was,"Provided to YouTube by Columbia

As It Was · Harry Styles

As It Was

℗ 2022 Erskine Records Limited, under exclusive license to Columbia Records, a Division of Sony Music Entertainment

Released on: 2022-03-31

Bass, Bass  Guitar, Drum  Machine, Drums, Electric  Guitar, Synthesizer, Composer, Lyricist, Producer: Kid Harpoon
Drums: Mitch Rowland
Drum  Machine, Piano, Synthesizer, Composer, Lyricist, Producer: Tyler Johnson
Electric  Guitar, Percussion: Doug Showalter
Programmer, Recording  Engineer: Jeremy Hatcher
Other: Ruby Winston
Assistant  Engineer: Katie May
Assistant  Engineer: Luke Gibbs
Assistant  Engineer: Adele Phillips
Assistant  Engineer: Josh Caulder
Assistant  Engineer: Joe Dougherty
Mixing  Engineer: Spike Stent
Assistant  Engineer: Matt Wolach
Mastering  Engineer: Randy Merrill

Auto-generated by YouTube.",https://i.ytimg.com/vi/wa5gkHMqbls/default.jpg,2022-11-09T20:29:56Z,2022-03-31T23:02:22Z,Cara Gray,Harry Styles - Topic,UCVacQ2t5GUZ2t_J3Ia9BynA,wa5gkHMqbls,https://www.youtube.com/watch?v=wa5gkHMqbls,"Harry Styles,As It Was",10,Not Present,56241760,948976,0,66,PT2M48S
Hold Me While You Wait,"Provided to YouTube by Universal Music Group

Hold Me While You Wait · Lewis Capaldi

Divinely Uninspired To A Hellish Extent

℗ A Vertigo Berlin recording; ℗ 2019 Universal Music GmbH

Released on: 2019-05-17

Producer: Lewis Capaldi
Producer: Nick Atkinson
Producer: Edward Holloway
Producer: TMS
Studio  Personnel, Mixer: Mark 'Spike' Stent
Studio  Personnel, Mastering  Engineer: Robert Vosgien
Composer  Lyricist: Lewis Capaldi
Composer  Lyricist: Jamie Hartman
Composer  Lyricist: Jamie N Commons

Auto-generated by YouTube.",https://i.ytimg.com/vi/arj4BDdz6qc/default.jpg,2022-11-09T20:29:56Z,2019-05-16T10:04:53Z,Cara Gray,Lewis Capaldi - Topic,UCxrxwFTBU3DTJ9Y5TKeW7KA,arj4BDdz6qc,https://www.youtube.com/watch?v=arj4BDdz6qc,"Lewis Capaldi,ルイスキャパルディ,ルイス・キャパルディ,Divinely Uninspired To A Hellish Extent,Hold Me While You Wait,ホールドミーワイルユーウェイト",10,Not Present,59912356,470636,0,1134,PT3M26S
good 4 u,"Provided to YouTube by Universal Music Group

good 4 u · Olivia Rodrigo

SOUR

℗ 2021 Olivia Rodrigo, under exclusive license to Geffen Records

Released on: 2021-05-21

Producer, Studio  Personnel, Recording  Engineer, Associated  Performer, Acoustic  Guitar, Electric  Guitar, Bass, Drum  Programming, Background  Vocalist, Synthesizer: Daniel Nigro
Producer, Co- Producer, Associated  Performer, Electric  Guitar, Bass, Drum  Programming, Background  Vocalist: Alexander 23
Studio  Personnel, Asst.  Recording  Engineer: Ryan Linvill
Studio  Personnel, Mixer: Mitch McCarthy
Studio  Personnel, Mastering  Engineer: Randy Merrill
Composer  Lyricist: Olivia Rodrigo
Composer  Lyricist: Daniel Nigro
Composer  Lyricist: Josh Farro
Composer  Lyricist: Hayley Williams

Auto-generated by YouTube.",https://i.ytimg.com/vi/Bc9ijogGmtU/default.jpg,2022-11-09T20:29:56Z,2021-05-20T10:02:36Z,Cara Gray,Olivia Rodrigo - Topic,UCE5XNpliPM-SmyFEp61tL_g,Bc9ijogGmtU,https://www.youtube.com/watch?v=Bc9ijogGmtU,"Olivia Rodrigo,オリビアロドリゴ,オリヴィア・ロドリゴ,SOUR,good 4 u,グッドフォーユー",10,Not Present,112874785,1141837,0,92,PT2M59S
drivers license,"Provided to YouTube by Universal Music Group

drivers license · Olivia Rodrigo

SOUR

℗ 2021 Olivia Rodrigo, under exclusive license to Geffen Records

Released on: 2021-05-21

Producer, Studio  Personnel, Recording  Engineer, Associated  Performer, Piano, Bass, Percussion, Drum  Programming, Synthesizer, Background  Vocalist: Daniel Nigro
Studio  Personnel, Mixer: Mitch McCarthy
Studio  Personnel, Mastering  Engineer: Randy Merrill
Studio  Personnel, Asst.  Recording  Engineer: Dan Viafore
Composer  Lyricist: Olivia Rodrigo
Composer  Lyricist: Daniel Nigro

Auto-generated by YouTube.",https://i.ytimg.com/vi/l0txe6yk8Kc/default.jpg,2022-11-09T20:29:56Z,2021-05-20T10:02:42Z,Cara Gray,Olivia Rodrigo - Topic,UCE5XNpliPM-SmyFEp61tL_g,l0txe6yk8Kc,https://www.youtube.com/watch?v=l0txe6yk8Kc,"Olivia Rodrigo,オリビアロドリゴ,オリヴィア・ロドリゴ,SOUR,drivers license,ドライバーズライセンス",10,Not Present,52775244,558840,0,37,PT4M3S
