https://accounts.google.com/ServiceLogin?passive=1209600&amp;continue=https://www.google.com/search/about-this-image?img%3DH4sIAAAAAAAA_-MS4bh1ePqhnv2XXkQK7LjwYmrT_3eNGgB-RbI7FgAAAA%253D%253D%26q%3Dhttps://open.spotify.com/artist/0R99HoFbo8665kwfOtbvxb%26ctx%3Div%26hl%3Den-GB%26sa%3DX%26ved%3D0CA0Qg4ILahcKEwiA67zs3MGKAxUAAAAAHQAAAAAQBA&amp;followup=https://www.google.com/search/about-this-image?img%3DH4sIAAAAAAAA_-MS4bh1ePqhnv2XXkQK7LjwYmrT_3eNGgB-RbI7FgAAAA%253D%253D%26q%3Dhttps://open.spotify.com/artist/0R99HoFbo8665kwfOtbvxb%26ctx%3Div%26hl%3Den-GB%26sa%3DX%26ved%3D0CA0Qg4ILahcKEwiA67zs3MGKAxUAAAAAHQAAAAAQBA&amp;hl=en-GB&amp;ec=GAZA3QQ
https://apis.google.com
https://csp.withgoogle.com/csp/proto/
https://encrypted-tbn0.gstatic.com/images?q\u003dtbn:ANd9GcQieANZhM6gB72o4gXVO8w-kNv3syXItGr7eDHZhBPzZhkv5EDMSKKFAts\u0026s
https://encrypted-tbn0.gstatic.com/images?q\u003dtbn:ANd9GcRLdfLopAJaW1VExG0Gy5r9FnWtj5HcDJ6pU9CiuWA\u0026s
https://encrypted-tbn0.gstatic.com/images?q\u003dtbn:ANd9GcSo-fKp1QD24b765d9c535VmmEt1XgjtpAZXL07hbN4NkAAgDJC
https://encrypted-tbn0.gstatic.com/images?q\u003dtbn:ANd9GcSpHLi566tWEO61QHn8gpm8wjYhondRPFEYMEUd218\u0026s
https://encrypted-tbn0.gstatic.com/images?q\u003dtbn:ANd9GcT566UexSgtvFQovnRNj-TOEiOJcIO7eMN_MctN9mA\u0026s
https://encrypted-tbn0.gstatic.com/images?q\u003dtbn:ANd9GcTld0mFEW4cKyQ3o9N8XUxHmLcZkl0xTNuLZmggND8\u0026s
https://encrypted-tbn1.gstatic.com/images?q\u003dtbn:ANd9GcQL-sfzp_lAyWas3QzzLN-zSjzIXAgkCiwJqgoxliQzpMBolzJR
https://encrypted-tbn1.gstatic.com/images?q\u003dtbn:ANd9GcQXTYAee-KvwEZI-4r7J8UJx0k7ltS0D_ez4an4_hSKComxBIBm
https://encrypted-tbn1.gstatic.com/images?q\u003dtbn:ANd9GcSaOZRO-yuXdtk7YGw80cm8HYD---bwk73A9MNA2cTwxE0HPxA6
https://encrypted-tbn1.gstatic.com/images?q\u003dtbn:ANd9GcSlHcxSCTJoF8iH2iZlkYnUugGFzN4kJdyb_bek_pDjKrBfV_qv
https://fonts.gstatic.com/s/googlematerialicons/v143/Gw6kwdfw6UnXLJCcmafZyFRXb3BL9rvi0QZG3Sy7X00.woff2)format(
https://fonts.gstatic.com/s/googlesans/v58/4UasrENHsxJlGDuGo1OIlJfC6l_24rlCK1Yo_Iqcsih3SAyH6cAwhX9RPhEUvbQoi-Entw.woff2)format(
https://fonts.gstatic.com/s/googlesans/v58/4UasrENHsxJlGDuGo1OIlJfC6l_24rlCK1Yo_Iqcsih3SAyH6cAwhX9RPi0UvbQoi-Entw.woff2)format(
https://fonts.gstatic.com/s/googlesans/v58/4UasrENHsxJlGDuGo1OIlJfC6l_24rlCK1Yo_Iqcsih3SAyH6cAwhX9RPi4UvbQoi-Entw.woff2)format(
https://fonts.gstatic.com/s/googlesans/v58/4UasrENHsxJlGDuGo1OIlJfC6l_24rlCK1Yo_Iqcsih3SAyH6cAwhX9RPi8UvbQoi-Entw.woff2)format(
https://fonts.gstatic.com/s/googlesans/v58/4UasrENHsxJlGDuGo1OIlJfC6l_24rlCK1Yo_Iqcsih3SAyH6cAwhX9RPiAUvbQoi-Entw.woff2)format(
https://fonts.gstatic.com/s/googlesans/v58/4UasrENHsxJlGDuGo1OIlJfC6l_24rlCK1Yo_Iqcsih3SAyH6cAwhX9RPiIUvbQoi-Entw.woff2)format(
https://fonts.gstatic.com/s/googlesans/v58/4UasrENHsxJlGDuGo1OIlJfC6l_24rlCK1Yo_Iqcsih3SAyH6cAwhX9RPiMUvbQoi-Entw.woff2)format(
https://fonts.gstatic.com/s/googlesans/v58/4UasrENHsxJlGDuGo1OIlJfC6l_24rlCK1Yo_Iqcsih3SAyH6cAwhX9RPiQUvbQoi-Entw.woff2)format(
https://fonts.gstatic.com/s/googlesans/v58/4UasrENHsxJlGDuGo1OIlJfC6l_24rlCK1Yo_Iqcsih3SAyH6cAwhX9RPiYUvbQoi-Entw.woff2)format(
https://fonts.gstatic.com/s/googlesans/v58/4UasrENHsxJlGDuGo1OIlJfC6l_24rlCK1Yo_Iqcsih3SAyH6cAwhX9RPikUvbQoi-Entw.woff2)format(
https://fonts.gstatic.com/s/googlesans/v58/4UasrENHsxJlGDuGo1OIlJfC6l_24rlCK1Yo_Iqcsih3SAyH6cAwhX9RPisUvbQoi-Entw.woff2)format(
https://fonts.gstatic.com/s/googlesans/v58/4UasrENHsxJlGDuGo1OIlJfC6l_24rlCK1Yo_Iqcsih3SAyH6cAwhX9RPj0UvbQoi-Entw.woff2)format(
https://fonts.gstatic.com/s/googlesans/v58/4UasrENHsxJlGDuGo1OIlJfC6l_24rlCK1Yo_Iqcsih3SAyH6cAwhX9RPj8UvbQoi-Entw.woff2)format(
https://fonts.gstatic.com/s/googlesans/v58/4UasrENHsxJlGDuGo1OIlJfC6l_24rlCK1Yo_Iqcsih3SAyH6cAwhX9RPjAUvbQoi-Entw.woff2)format(
https://fonts.gstatic.com/s/googlesans/v58/4UasrENHsxJlGDuGo1OIlJfC6l_24rlCK1Yo_Iqcsih3SAyH6cAwhX9RPjEUvbQoi-Entw.woff2)format(
https://fonts.gstatic.com/s/googlesans/v58/4UasrENHsxJlGDuGo1OIlJfC6l_24rlCK1Yo_Iqcsih3SAyH6cAwhX9RPjIUvbQoi-E.woff2)format(
https://fonts.gstatic.com/s/googlesans/v58/4UasrENHsxJlGDuGo1OIlJfC6l_24rlCK1Yo_Iqcsih3SAyH6cAwhX9RPjMUvbQoi-Entw.woff2)format(
https://fonts.gstatic.com/s/googlesans/v58/4UasrENHsxJlGDuGo1OIlJfC6l_24rlCK1Yo_Iqcsih3SAyH6cAwhX9RPjYUvbQoi-Entw.woff2)format(
https://fonts.gstatic.com/s/googlesans/v58/4UasrENHsxJlGDuGo1OIlJfC6l_24rlCK1Yo_Iqcsih3SAyH6cAwhX9RPjkUvbQoi-Entw.woff2)format(
https://fonts.gstatic.com/s/googlesans/v58/4UasrENHsxJlGDuGo1OIlJfC6l_24rlCK1Yo_Iqcsih3SAyH6cAwhX9RPjsUvbQoi-Entw.woff2)format(
https://fonts.gstatic.com/s/googlesans/v58/4UasrENHsxJlGDuGo1OIlJfC6l_24rlCK1Yo_Iqcsih3SAyH6cAwhX9RPjwUvbQoi-Entw.woff2)format(
https://fonts.gstatic.com/s/productsans/v9/pxiDypQkot1TnFhsFMOfGShVF9eOYktMqg.woff2)format(
https://fonts.gstatic.com/s/productsans/v9/pxiDypQkot1TnFhsFMOfGShVGdeOYktMqlap.woff2)format(
https://fonts.gstatic.com/s/roboto/v18/KFOlCnqEu92Fr1MmEU9fABc4AMP6lbBP.woff2)format(
https://fonts.gstatic.com/s/roboto/v18/KFOlCnqEu92Fr1MmEU9fBBc4AMP6lQ.woff2)format(
https://fonts.gstatic.com/s/roboto/v18/KFOlCnqEu92Fr1MmEU9fBxc4AMP6lbBP.woff2)format(
https://fonts.gstatic.com/s/roboto/v18/KFOlCnqEu92Fr1MmEU9fCBc4AMP6lbBP.woff2)format(
https://fonts.gstatic.com/s/roboto/v18/KFOlCnqEu92Fr1MmEU9fCRc4AMP6lbBP.woff2)format(
https://fonts.gstatic.com/s/roboto/v18/KFOlCnqEu92Fr1MmEU9fChc4AMP6lbBP.woff2)format(
https://fonts.gstatic.com/s/roboto/v18/KFOlCnqEu92Fr1MmEU9fCxc4AMP6lbBP.woff2)format(
https://fonts.gstatic.com/s/roboto/v18/KFOlCnqEu92Fr1MmWUlfABc4AMP6lbBP.woff2)format(
https://fonts.gstatic.com/s/roboto/v18/KFOlCnqEu92Fr1MmWUlfBBc4AMP6lQ.woff2)format(
https://fonts.gstatic.com/s/roboto/v18/KFOlCnqEu92Fr1MmWUlfBxc4AMP6lbBP.woff2)format(
https://fonts.gstatic.com/s/roboto/v18/KFOlCnqEu92Fr1MmWUlfCBc4AMP6lbBP.woff2)format(
https://fonts.gstatic.com/s/roboto/v18/KFOlCnqEu92Fr1MmWUlfCRc4AMP6lbBP.woff2)format(
https://fonts.gstatic.com/s/roboto/v18/KFOlCnqEu92Fr1MmWUlfChc4AMP6lbBP.woff2)format(
https://fonts.gstatic.com/s/roboto/v18/KFOlCnqEu92Fr1MmWUlfCxc4AMP6lbBP.woff2)format(
https://fonts.gstatic.com/s/roboto/v18/KFOmCnqEu92Fr1Mu4WxKKTU1Kvnz.woff2)format(
https://fonts.gstatic.com/s/roboto/v18/KFOmCnqEu92Fr1Mu4mxKKTU1Kg.woff2)format(
https://fonts.gstatic.com/s/roboto/v18/KFOmCnqEu92Fr1Mu5mxKKTU1Kvnz.woff2)format(
https://fonts.gstatic.com/s/roboto/v18/KFOmCnqEu92Fr1Mu72xKKTU1Kvnz.woff2)format(
https://fonts.gstatic.com/s/roboto/v18/KFOmCnqEu92Fr1Mu7GxKKTU1Kvnz.woff2)format(
https://fonts.gstatic.com/s/roboto/v18/KFOmCnqEu92Fr1Mu7WxKKTU1Kvnz.woff2)format(
https://fonts.gstatic.com/s/roboto/v18/KFOmCnqEu92Fr1Mu7mxKKTU1Kvnz.woff2)format(
https://myactivity.google.com/myactivity?hl=en-GB
https://ogads-pa.googleapis.com
https://ogs.google.com/widget/app/so?eom=1\u0026awwd=1
https://ogs.google.com/widget/callout?eom=1\u0026dc=1
https://open.spotify.com
https://open.spotify.com/artist/0R99HoFbo8665kwfOtbvxb
https://open.spotify.com/artist/0R99HoFbo8665kwfOtbvxb&amp;tbm=ilp&amp;sa=X&amp;ved=2ahUKEwieu-3y3MGKAxUJuYkEHT6WJGYQ0P0LegQIARB2
https://open.spotify.com/artist/0R99HoFbo8665kwfOtbvxb&quot;,&quot;H4sIAAAAAAAA_-MS4bh1ePqhnv2XXkQK7LjwYmrT_3eNGgB-RbI7FgAAAA\u003d\u003d&quot;,[&quot;&quot;,&quot;&quot;,&quot;&quot;],&quot;https://www.google.com/search/about-this-image?img\u003dH4sIAAAAAAAA_-MS4bh1ePqhnv2XXkQK7LjwYmrT_3eNGgB-RbI7FgAAAA%3D%3D\u0026q\u003dhttps://open.spotify.com/artist/0R99HoFbo8665kwfOtbvxb\u0026ctx\u003div\u0026hl\u003den-GB\u0026sa\u003dX\u0026ved\u003d0CA0Qg4ILahcKEwiA67zs3MGKAxUAAAAAHQAAAAAQBA&quot;,[
https://open.spotify.com/artist/0R99HoFbo8665kwfOtbvxb&quot;],null,true,&quot;-1&quot;],null,[null,false,false,null,null,false,null,null,false],null,null,null,null,null,[&quot;us&quot;],[&quot;en&quot;,&quot;Latn&quot;],[false]],&quot;2&quot;:[]
https://open.spotify.com/artist/0R99HoFbo8665kwfOtbvxb\u0026tbm\u003dilp
https://open.spotify.com/intl-de/artist/0R99HoFbo8665kwfOtbvxb
https://open.spotify.com/intl-de/artist/0R99HoFbo8665kwfOtbvxb&amp;tbm=ilp&amp;sa=X&amp;ved=2ahUKEwieu-3y3MGKAxUJuYkEHT6WJGYQzY0LegQIARBV
https://open.spotify.com/intl-de/artist/0R99HoFbo8665kwfOtbvxb\u0026tbm\u003dilp
https://open.spotify.com/intl-es/artist/0R99HoFbo8665kwfOtbvxb
https://open.spotify.com/intl-es/artist/0R99HoFbo8665kwfOtbvxb&amp;tbm=ilp&amp;sa=X&amp;ved=2ahUKEwieu-3y3MGKAxUJuYkEHT6WJGYQzY0LegQIARBO
https://open.spotify.com/intl-es/artist/0R99HoFbo8665kwfOtbvxb\u0026tbm\u003dilp
https://open.spotify.com/intl-fr/artist/0R99HoFbo8665kwfOtbvxb
https://open.spotify.com/intl-fr/artist/0R99HoFbo8665kwfOtbvxb&amp;tbm=ilp&amp;sa=X&amp;ved=2ahUKEwieu-3y3MGKAxUJuYkEHT6WJGYQzY0LegQIARBH
https://open.spotify.com/intl-fr/artist/0R99HoFbo8665kwfOtbvxb\u0026tbm\u003dilp
https://open.spotify.com/intl-id/artist/0R99HoFbo8665kwfOtbvxb
https://open.spotify.com/intl-id/artist/0R99HoFbo8665kwfOtbvxb&amp;tbm=ilp&amp;sa=X&amp;ved=2ahUKEwieu-3y3MGKAxUJuYkEHT6WJGYQzY0LegQIARAr
https://open.spotify.com/intl-id/artist/0R99HoFbo8665kwfOtbvxb\u0026tbm\u003dilp
https://open.spotify.com/intl-id/artist/3oCIYpmkFw8KGWwMNPKgXh
https://open.spotify.com/intl-id/artist/3oCIYpmkFw8KGWwMNPKgXh&amp;tbm=ilp&amp;sa=X&amp;ved=2ahUKEwieu-3y3MGKAxUJuYkEHT6WJGYQzY0LegQIARBA
https://open.spotify.com/intl-id/artist/3oCIYpmkFw8KGWwMNPKgXh\u0026tbm\u003dilp
https://open.spotify.com/intl-it/artist/0R99HoFbo8665kwfOtbvxb
https://open.spotify.com/intl-it/artist/0R99HoFbo8665kwfOtbvxb&amp;tbm=ilp&amp;sa=X&amp;ved=2ahUKEwieu-3y3MGKAxUJuYkEHT6WJGYQzY0LegQIARBc
https://open.spotify.com/intl-it/artist/0R99HoFbo8665kwfOtbvxb\u0026tbm\u003dilp
https://open.spotify.com/intl-pt/artist/0R99HoFbo8665kwfOtbvxb
https://open.spotify.com/intl-pt/artist/0R99HoFbo8665kwfOtbvxb&amp;tbm=ilp&amp;sa=X&amp;ved=2ahUKEwieu-3y3MGKAxUJuYkEHT6WJGYQzY0LegQIARBj
https://open.spotify.com/intl-pt/artist/0R99HoFbo8665kwfOtbvxb\u0026tbm\u003dilp
https://open.spotify.com/intl-pt/artist/3oCIYpmkFw8KGWwMNPKgXh
https://open.spotify.com/intl-pt/artist/3oCIYpmkFw8KGWwMNPKgXh&amp;tbm=ilp&amp;sa=X&amp;ved=2ahUKEwieu-3y3MGKAxUJuYkEHT6WJGYQzY0LegQIARBq
https://open.spotify.com/intl-pt/artist/3oCIYpmkFw8KGWwMNPKgXh\u0026tbm\u003dilp
https://open.spotify.com/intl-tr/artist/3oCIYpmkFw8KGWwMNPKgXh
https://open.spotify.com/intl-tr/artist/3oCIYpmkFw8KGWwMNPKgXh&amp;tbm=ilp&amp;sa=X&amp;ved=2ahUKEwieu-3y3MGKAxUJuYkEHT6WJGYQzY0LegQIARBx
https://open.spotify.com/intl-tr/artist/3oCIYpmkFw8KGWwMNPKgXh\u0026tbm\u003dilp
https://open.spotify.com/track/21BNyJZ7J3T4TztWaT1BLx
https://open.spotify.com/track/21BNyJZ7J3T4TztWaT1BLx&amp;tbm=ilp&amp;sa=X&amp;ved=2ahUKEwieu-3y3MGKAxUJuYkEHT6WJGYQzY0LegQIARAW
https://open.spotify.com/track/21BNyJZ7J3T4TztWaT1BLx\u0026tbm\u003dilp
https://open.spotify.com/track/3w8MwxipgJeeGgbJ7VfDYl
https://open.spotify.com/track/3w8MwxipgJeeGgbJ7VfDYl&amp;tbm=ilp&amp;sa=X&amp;ved=2ahUKEwieu-3y3MGKAxUJuYkEHT6WJGYQzY0LegQIARAP
https://open.spotify.com/track/3w8MwxipgJeeGgbJ7VfDYl\u0026tbm\u003dilp
https://policies.google.com/privacy?hl=en-GB
https://policies.google.com/terms?hl=en-GB
https://ssl.gstatic.com/gb/images/bar/al-icon.png
https://www.concertarchives.org
https://www.concertarchives.org/bands/shannon-saunders
https://www.concertarchives.org/bands/shannon-saunders&amp;tbm=ilp&amp;sa=X&amp;ved=2ahUKEwieu-3y3MGKAxUJuYkEHT6WJGYQzY0LegQIARAd
https://www.concertarchives.org/bands/shannon-saunders\u0026tbm\u003dilp
https://www.google.com/
https://www.google.com/images/errors/robot.png)
https://www.google.com/intl/en-GB/about/products
https://www.google.com/search/about-this-image
https://www.google.com/search/about-this-image?img%3DH4sIAAAAAAAA_-MS4bh1ePqhnv2XXkQK7LjwYmrT_3eNGgB-RbI7FgAAAA%253D%253D%26q%3Dhttps://open.spotify.com/artist/0R99HoFbo8665kwfOtbvxb%26ctx%3Div%26hl%3Den-GB%26sa%3DX%26ved%3D0CA0Qg4ILahcKEwiA67zs3MGKAxUAAAAAHQAAAAAQBA#appearance
https://www.google.com/search/about-this-image?img%3DH4sIAAAAAAAA_-MS4bh1ePqhnv2XXkQK7LjwYmrT_3eNGgB-RbI7FgAAAA%253D%253D%26q%3Dhttps://open.spotify.com/artist/0R99HoFbo8665kwfOtbvxb%26ctx%3Div%26hl%3Den-GB%26sa%3DX%26ved%3D0CA0Qg4ILahcKEwiA67zs3MGKAxUAAAAAHQAAAAAQBA\u0026hl\u003den-GB
https://www.google.com/search/about-this-image?img%3DH4sIAAAAAAAA_-MS4bh1ePqhnv2XXkQK7LjwYmrT_3eNGgB-RbI7FgAAAA%253D%253D%26q%3Dhttps://open.spotify.com/artist/0R99HoFbo8665kwfOtbvxb%26ctx%3Div%26hl%3Den-GB%26sa%3DX%26ved%3D0CA0Qg4ILahcKEwiA67zs3MGKAxUAAAAAHQAAAAAQBA\u0026safeui\u003dimages
https://www.google.com/search/about-this-image?img\u003dH4sIAAAAAAAA_-MS4bh1ePqhnv2XXkQK7LjwYmrT_3eNGgB-RbI7FgAAAA%3D%3D\u0026q\u003dhttps://open.spotify.com/artist/0R99HoFbo8665kwfOtbvxb\u0026ctx\u003div\u0026hl\u003den-GB\u0026sa\u003dX\u0026ved\u003d0CA0Qg4ILahcKEwiA67zs3MGKAxUAAAAAHQAAAAAQBA
https://www.gstatic.com/_/boq-search/_/r/
https://www.gstatic.com/_/mss/boq-search/_/js/k=boq-search.DinerFrontendUi.en_GB.mtRAsAC3vGA.es5.O/am=AAAAAAAAAgAAAAAAAAAAAAAAAAAAAAAAAAAAAABEwhBsQAAAEAAECABAoWQwIIAAJARmfgAshz4EhQAAgYMDAIFHAnAAjAAAABAAQM4ACAAAAIATBIKBAAAAAAAAAAAAAAAAoGIrCsQBAAAAAAAAAAAAAAAAIKBJ/d=1/excm=_b,_tp,atiview/ed=1/dg=0/wt=2/ujg=1/rs=AH7-fg7gpQ3yw_y3UvkN6vSC6Uz_Qo8vpA/m=_b,_tp
https://www.gstatic.com/_/mss/boq-search/_/ss/k=boq-search.DinerFrontendUi.wpwCZh_9U7E.L.W1.O/am=AAAAAAAAAgAAAAAAAAAAAAAAAAAAAAAAAAAAAABEwhBsQAAAEAAECABAoWQwIIAAJARmfgAshz4EhQAAgYMDAIFHAnAAjAAAABAAQM4ACAAAAIATBIKBAAAAAAAAAAAAAAAAoGIrCsQBAAAAAAAAAAAAAAAAIKBJ/d=1/ed=1/rs=AH7-fg4tjf_4tSpMyVZ_euaJeYsCjNaqhw/m=atiview,_b,_tp
https://www.gstatic.com/images/branding/googlelogo/svg/googlelogo_clr_74x24px.svg
https://www.gstatic.com/images/branding/googlelogo/svg/googlelogo_dark_clr_74x24px.svg
https://www.gstatic.com/images/branding/googlelogo/svg/googlelogo_light_clr_74x24px.svg
https://www.gstatic.com/images/icons/material/system/1x/broken_image_grey600_18dp.png
https://www.gstatic.com/images/icons/material/system/2x/broken_image_grey600_18dp.png
https://www.gstatic.com/og/_/js/k=og.qtm.en_US.otmEBJ358uU.2019.O/rt=j/m=q_dnp,q_pc,qmd,qcwid,qapid,qads,q_dg/exm=qaaw,qabr,qadd,qaid,qalo,qebr,qein,qhaw,qhawgm3,qhba,qhbr,qhbrgm3,qhch,qhchgm3,qhga,qhid,qhidgm3,qhin,qhlo,qhlogm3,qhmn,qhpc,qhsf,qhsfgm3,qhtt/d=1/ed=1/rs=AA2YrTu0yU9RTMfNNC-LVUmaaNKwIO136g
https://www.gstatic.com/og/_/ss/k=og.qtm.zyyRgCCaN80.L.W.O/m=qmd,qcwid/excm=qaaw,qabr,qadd,qaid,qalo,qebr,qein,qhaw,qhawgm3,qhba,qhbr,qhbrgm3,qhch,qhchgm3,qhga,qhid,qhidgm3,qhin,qhlo,qhlogm3,qhmn,qhpc,qhsf,qhsfgm3,qhtt/d=1/ed=1/ct=zgms/rs=AA2YrTs4SLbgh5FvGZPW_Ny7TyTdXfy6xA
https://www.merchbar.com
https://www.merchbar.com/music-styles/movie-tunes
https://www.merchbar.com/music-styles/movie-tunes&amp;tbm=ilp&amp;sa=X&amp;ved=2ahUKEwieu-3y3MGKAxUJuYkEHT6WJGYQzY0LegQIARAy
https://www.merchbar.com/music-styles/movie-tunes\u0026tbm\u003dilp
https://www.music.xzero.co.uk
https://www.music.xzero.co.uk/album/100151/shannon-saunders/defected-presents-most-rated-2019-mixed
https://www.music.xzero.co.uk/album/100151/shannon-saunders/defected-presents-most-rated-2019-mixed&amp;tbm=ilp&amp;sa=X&amp;ved=2ahUKEwieu-3y3MGKAxUJuYkEHT6WJGYQzY0LegQIARA5
https://www.music.xzero.co.uk/album/100151/shannon-saunders/defected-presents-most-rated-2019-mixed\u0026tbm\u003dilp
https://www.tunefind.com
https://www.tunefind.com/artist/shannon-saunders
https://www.tunefind.com/artist/shannon-saunders&amp;tbm=ilp&amp;sa=X&amp;ved=2ahUKEwieu-3y3MGKAxUJuYkEHT6WJGYQzY0LegQIARAk
https://www.tunefind.com/artist/shannon-saunders\u0026tbm\u003dilp
